x,y,z,base_stations
-0.8809547087650342,1.1936514857126121,0.9001377245407964,7
-0.8175305570772493,1.5213760077992582,0.7386691311595002,7
-0.8463941915664989,1.696274548710433,1.318827388526918,7
-0.9503785853596683,2.005038101920543,1.009853913938535,7
-0.9208973649876893,2.3913985493788563,0.9090589131392859,7
-0.9535066743639434,2.6693138189993233,1.1129868581983948,7
-1.002017227671585,2.903029522059681,1.3135047051612792,7
-0.8366681056828961,3.3249989209249455,0.1541482707765219,5
-0.7559392523341733,3.696378435589157,1.0194451737066204,5
-0.894095919056402,4.064152546400331,1.3167148748199253,5
-0.9145145751696571,4.312216458033269,2.258540932032775,5
-0.7713148099215899,4.659958001400838,0.4824417690605632,5
-0.7294325573438256,5.237917184443214,1.5752015907619996,5
-0.4637478732770879,5.344046473713152,1.9743892736055837,5
-0.6078554800293138,5.963936821291298,1.7218392551217452,5
-0.4624052218753147,6.569209073418682,1.669062140271798,5
-0.3127365106272467,6.92107527739224,0.5315450887875681,5
-0.23278848583533404,7.259067717033724,2.4044416098171943,5
-0.21038784741077485,7.785527250218142,0.6227046368489058,6
-0.17814551553722272,8.124270050917808,1.4812670669214352,6
0.0464021553518388,8.823443939162507,0.9177548304608203,4
0.1642127976516725,9.277068685032365,0.9738704511085389,4
0.3254291071703644,9.890400917356217,1.6295953261647824,4
0.47333153758776725,10.427046696904979,1.0738608233871654,4
0.7452066602251055,10.526587766312847,1.6918304319662922,4
0.6137129839267975,11.258065247523435,1.0664721986613879,4
0.8850806072786508,11.883448468097402,0.4624849189315139,6
0.9967252760786528,12.500039492014107,1.0457501494503618,6
1.247607028923721,12.98562791580897,2.0541827205439245,6
1.2589895637979043,13.562190087104614,1.004082343383652,6
1.5539577441891512,14.007306019784332,1.8831968062504107,6
1.5588775668029844,14.687622594175995,1.5234087402361212,6
1.7359612147309087,15.389632677523394,1.5204527910806154,5
2.0929338343954673,16.065676050634465,1.004679580477141,5
2.280148663096533,16.61429882820232,0.7980498162636644,5
2.4801651327251513,17.33247976593201,1.6656379222180742,5
2.7526473846129047,17.90223634477777,0.8963011626255284,5
2.9752623262799855,18.637774681510518,1.2534435907537294,5
3.258677444433258,19.240188072950158,1.521620229375654,4
3.435836695476187,20.01344106669856,1.7388361794243217,4
3.754510701585496,20.752043116035686,1.5723521210172695,4
3.9152583757595347,21.42407601408605,1.6025341215636102,4
4.247436423507363,22.103788575925368,1.5589043574546473,4
4.573648948949562,22.76987464059576,2.80975943706283,4
4.890053883741296,23.534120893813455,1.4937327550593498,5
5.156904935680901,24.246404046017215,1.950573138012789,5
5.462070526443949,25.413197831737182,2.6008552534943927,5
5.759124308498873,25.8488638824877,2.988988281954903,5
6.184028641811305,26.381735173126717,2.2957296482369927,5
6.462403355438921,27.06861045058104,4.262000431030424,5
6.938488426704495,28.152152313468495,3.1825738044418994,5
7.302042734592208,28.847094358233733,2.556878446443376,3
7.663444097277188,29.591564518039814,2.6495161562365617,3
8.129651085559333,30.41310373269754,2.723279605094884,3
8.42122236763552,31.25891310562657,2.9987713707251213,3
8.783149887519146,31.9066093379768,2.8601386146474876,3
9.205259680430881,32.859400580239026,2.2310527214132954,3
9.675925081210515,33.77384828739372,3.4669244681755274,7
10.176699936397126,34.30573810412563,3.9015889574926526,7
10.717039413986798,35.213929131917574,3.0284964804688634,7
11.027780515323455,36.23463362755786,3.4378320426485445,7
11.65077760361442,37.006558121471045,2.9662830849902697,7
12.17444274689326,37.97039277746852,3.752903900816861,7
12.710061912911396,38.991738593550885,3.598381885537897,7
13.069478788110384,39.627406763894605,2.944804666599005,2
13.734020989575875,40.51097452184093,3.2997268465851377,2
13.938798116945554,41.35483310275221,3.4598264237592957,2
14.639450080040865,42.47411789684317,3.3074109504071245,5
15.180676472925446,43.34929071762241,3.9080641124826414,5
15.734540294246141,44.22821584241971,3.1316304762824103,5
16.277894297875804,45.22709565748604,3.4903365594691067,5
16.876281597664658,46.030880336233295,3.3180920285521864,5
17.665043461579366,46.978167991603364,3.5733775808846815,5
18.08617945658796,48.03896171351692,3.1141574611109917,5
18.72257158355116,48.99262698481474,4.023756335609484,3
19.360195791390023,49.90996525354195,4.276568505871488,3
19.951938077390366,50.525778548440115,3.620789954767801,3
20.716639925403957,51.51497526391224,3.670537319305396,3
21.058147237641176,52.1519164630246,3.763650801214588,3
21.803027890893237,53.15983812996327,3.9727267120868035,4
22.479010968130748,53.96611993370031,3.5257813350884604,4
22.88138395797402,54.7395592290469,4.45624037836712,4
23.631521350725695,55.76132110433413,3.688105204036546,4
24.337351560508015,56.45034932728373,4.652480023098228,4
24.934037551095955,57.475081309652104,4.090189410162772,4
25.710903291075986,58.42132540957726,4.563953865766415,4
26.245617009098783,59.06151299643756,3.732886313021524,4
26.968243537497703,59.92719515866038,3.9747622497563952,4
27.676681991889065,60.827504258435454,3.8557905974115556,4
28.38352746836914,61.75614137271421,4.548147674272016,4
28.74097473907591,62.340098199815316,4.424058006007613,4
29.689096121236528,63.44944100692513,4.1576327480465665,4
30.44309440781285,64.0974244608666,4.472496423555356,4
31.36662417623384,65.0706139437482,4.549116649957796,4
31.82757084948652,65.676745221509,4.5552980175670115,4
32.79026518823594,66.55363946013422,4.416739936785277,4
33.4714128892996,67.5068002373165,4.839120474489107,4
34.26539900925929,68.13102150468588,4.393839436226116,4
34.91739984076843,68.87253522347909,4.278052370125764,4
35.70617855476638,69.80198756068074,5.032359984083172,5
36.57974986290221,70.50975822199925,4.263225270618122,5
37.56230966366576,71.27177948299232,5.188940106209159,5
38.182059490221796,72.096930268961,5.076835797260699,5
39.28154192826477,72.9398572315775,5.163298440293303,5
39.97657010066799,73.61899651934525,5.094847574630208,4
41.01269796892882,74.46127203558687,5.347753416873161,4
41.82448857907238,75.45361212112137,5.879473493789206,4
42.417987475715194,76.12937193343116,6.118397541575547,4
43.381170660288184,76.83460870938146,5.511348797096218,2
44.40280823095329,77.58021591300673,5.5603504060625255,2
44.990891701996546,78.2823535179032,5.302670139006864,2
46.03778750324379,79.14200941335926,5.440033565069399,2
47.06219628220975,79.83001504435441,5.7484587070782425,5
47.77981986112721,80.53498325273908,5.373875507566311,3
48.76606447314228,81.41851214986279,5.971751515860035,3
49.27217046332194,82.02943453897635,6.1537939097904655,3
50.60819426612975,82.8701223150555,5.2357646878631385,3
51.530315686618856,83.69396269485578,5.862157526370794,3
52.5359332426154,84.43549777755779,6.1633259816514965,3
53.650425050607275,85.17252058160132,6.9948322313013875,3
54.66525716738166,85.82829460359586,6.253767879716662,3
55.29651182432829,86.62431541187419,5.400396062443633,3
56.495708033642494,87.2755117871345,6.266470401153498,3
57.31711405874352,87.85314833066465,6.413800950129257,2
58.55902855738205,88.57137501254185,7.334742036443515,2
59.79418887764603,89.28079351356486,7.1954986023105505,2
60.73866476649453,89.90058674320444,5.956555806043156,2
61.652679533115474,90.58498429922106,6.239971317638833,2
62.40350895384782,91.26983526480876,8.164944819262558,4
63.86814020482552,91.89824238908726,6.698769543982621,4
64.77866972811897,92.55326514538277,7.592561685904002,4
65.94270161257067,93.28289800390965,8.119168463849917,2
67.03738588547978,94.0914653964096,9.20470777676843,2
68.27942386178923,94.31191922178455,7.074342864319448,3
69.52725862950142,94.81300921314507,7.404011205699618,5
70.43822567312556,95.58057299886828,7.502758699639173,5
71.61533679034603,96.01988571764221,7.442551006744736,5
72.84083068878681,96.62648480281943,7.855514117135073,5
74.04133209910907,97.03333772409755,8.233861631195396,5
74.93500411535634,97.80511510178188,9.10895641757162,5
76.5156784828926,98.15943844397782,7.252974601624516,3
76.91089477193253,98.83310377567005,9.505402362313475,3
78.47923346183492,99.51644914110427,9.297346709422413,4
79.45999580469153,99.85793241785431,8.195361550306245,7
80.67401184734219,100.3682266594908,8.449607287628623,7
82.09212711156205,100.86149222256581,8.27534963909477,7
82.88204769094759,101.5435967126328,8.250734987640499,3
83.72419484407588,101.9855213758201,9.49270517300954,3
85.0475622655819,102.53991910505557,8.954618794830196,6
86.14634029617793,102.7607212447172,8.384535065705677,6
87.17901256578583,103.3908707010518,8.857898006122639,6
88.34910849449804,103.87894463876823,8.991866715588174,5
89.37539344541167,104.24532057501422,8.901006596617435,4
90.51672608781678,104.6123862011386,9.122375265421397,4
91.54005989297889,105.12183723664232,9.753428714854067,3
92.61698080956013,105.58462500090394,9.160818093634134,3
93.66904524493319,106.1127446511151,8.800453713761101,3
94.64186575178276,106.45776063738805,9.113164130968073,4
95.28012553142771,107.01085880913932,10.078299755308194,4
96.48277171736876,107.40670127070787,10.314619505276312,4
97.70083656496017,108.08086791182976,8.48466397321829,4
98.59525551169321,108.59810811190987,9.651047499921845,4
99.42776186344946,109.05349544668736,9.59698129805787,3
100.18297436957042,109.48675111494074,9.733471183138533,3
101.2022079374501,110.1743741023725,10.01519754031608,3
102.33953907663509,110.72731120648355,9.469498721498155,3
103.43496825130981,111.2509752847395,10.198158642301337,3
104.14289538157594,111.85911123920334,9.399880254310006,3
104.97801372425666,112.47640374862999,9.884204301897569,3
105.94509892335896,113.0495723368968,10.408532494881683,4
106.69204066458235,113.6064901716819,9.851354590819199,4
107.63770108804925,114.25670706158473,9.80374414024908,4
108.5503383087044,115.04412636188825,8.267555309397096,5
109.36098385732697,115.52206549510092,10.063225164942764,3
110.3507397338567,116.24449233625874,9.94194859625577,3
110.86611583849565,116.69292320593223,10.05149729876183,4
111.57658240329343,117.3116546991322,11.561233105941483,4
112.41453159763505,117.83525113739191,10.823845232937742,4
113.20288910108849,118.5255924896275,10.677078547402914,2
113.83787859045208,119.22955978220347,10.302378653124208,2
114.5745597796247,119.71342534898845,9.887708726257756,2
115.468843642825,120.59115596912766,9.747480971352672,1
116.06318786397804,121.23090596168956,9.91370419170164,1
116.76830691107675,121.798646799316,10.069342146429733,3
117.54437710534431,122.46795796880777,10.635721522344113,3
118.3054324671211,123.21812123378055,9.431473929127435,3
118.66270987746506,123.65281437018011,11.748953994717453,3
119.61418318858475,124.33311255312417,10.310631609459108,4
119.63001647645476,124.71238148617194,11.786780368048085,4
120.70425098972552,125.42585343894727,12.074370311436894,4
121.25713427117222,126.12037743266505,11.97501505755065,3
121.73802522853745,126.85230309010534,10.182673787585315,3
122.0200872652927,127.49447740408876,10.787475767492424,3
122.79466715174883,128.15903439518695,10.818325211059232,5
123.52115915154086,128.81110109419788,11.05217267253181,5
123.91333831719558,129.46551722971117,10.888195573478583,5
124.31047883109925,130.13326127242274,10.997355762720304,5
124.9737253866146,130.76067071685597,12.744675056000688,5
125.30741963862533,131.47102120053475,11.656623290408561,5
125.70298091570545,132.0504786591069,11.279692886494558,4
126.24688717567464,132.9370873111979,10.21903202007411,4
126.78477586003291,133.48339190061793,11.913828917750038,4
126.71033268836017,134.342371304197,11.355155387651962,4
127.77976871938382,135.2564015945476,10.999983967195021,4
127.83458632779582,135.78200800003717,10.698105174750026,4
128.4605783744784,136.3192076370456,12.473717062800915,5
128.79551025033362,137.3710878949553,10.461643360267203,5
129.155091186366,138.11869248644854,10.163944820976667,5
129.7271564012241,138.85784725389018,10.236861107537493,3
129.91384867173429,139.67867891876554,10.038411502258896,3
130.47600674300242,140.50534663907888,10.247819678399196,3
130.94622191595812,141.31196713431274,11.841278752571498,1
130.83263688329512,142.23171237534632,11.296992592946253,1
131.71736588072656,142.80166076378742,12.369783766939008,2
132.14736337746703,143.78719283441768,10.688887807426681,2
132.35583621913702,144.56408261663626,11.264364197809755,2
132.7445441722757,145.51190032506238,10.758340243911107,2
133.02203034075228,146.43894594600826,11.02158289642216,1
133.38617543472208,147.30919438194576,10.734312399652026,1
133.9946923470859,148.27194727632278,11.03218033798305,1
134.2703692550679,149.2601101234713,10.59381562266799,4
134.86652751737023,150.25290059526205,11.25598054123384,4
135.16940852301516,151.17802208670398,10.417458996973323,2
135.6048798774906,152.22006275466697,11.09287456381412,4
135.77500661113618,153.1597707481841,10.410085811051886,4
136.01254806813085,154.08773416482498,11.482737510814331,4
136.3935566960896,155.30293007862466,10.394752954426167,3
136.55457905440105,156.3286641205406,11.191847088358486,3
136.6756138869088,157.57459617455137,10.503670052231996,3
137.0497573774335,158.61124113794585,10.069810561202644,3
137.3056910246815,159.7126327351359,11.417659736448513,2
137.37167999903284,160.81387646702146,10.770309298598022,3
137.70834521143013,161.91208769961588,11.205177771281797,3
137.456826450044,163.11964139546063,10.470547715421844,4
137.71347487690764,164.42563177103375,9.95378857714104,4
137.7318984011425,165.5446254750432,10.054086208935132,4
137.79108688598214,166.77781668714155,11.061674031869188,3
137.40553829244138,168.0620166121561,9.735306049221549,3
137.67757324566335,169.23185145721598,9.96690529185355,3
137.60035130241525,170.43800905219396,10.342476547502088,2
137.82213677360068,171.81492370192478,9.85462619567113,2
137.53774448485296,172.96420846996406,10.916837061157025,2
137.58410921564223,174.37579937955698,10.334649087526827,2
137.41622399896505,175.50443733247354,10.140896528881058,5
137.0319650264869,176.88328923421716,9.910847321576853,5
136.93431803313612,178.11576245037222,10.286174408932652,3
136.01865987800252,179.3750557093593,10.220987186173147,3
136.52112528279807,180.76346905214226,9.674376327917003,3
136.26976469605273,182.01873186173566,10.217556995622772,3
135.98673238345953,183.52202687764145,9.776097414716673,3
135.6074770465995,184.55359129857024,10.37304729299774,2
135.31351993219133,185.98200372648202,10.071409039767559,2
134.97700225707538,187.36419668282332,10.434404461072859,2
134.32791035187705,188.73954082297385,9.298061057165228,1
134.1385417845893,190.11573513721672,9.864199799728794,1
133.68152560980258,191.55515564884018,9.605440733552882,1
133.14336720273607,192.82339162483572,9.802560913778507,2
132.58360112008228,194.17898817131194,9.75750577557676,0
132.2951993267703,195.49018404294344,10.005811180184537,0
131.56667770133816,196.93416382696995,9.984767003463276,0
131.10009438374442,198.16675272792318,10.762898990449912,3
130.29036879999833,198.91061542888707,11.57573727515853,1
129.85789579973792,200.97857939952712,10.212701571269008,1
129.10476403407938,202.18221793483022,10.499914205388905,1
128.25627172903407,203.21866816870084,11.479255760540127,1
127.79876999265694,204.71905396302537,10.619357840280145,1
127.04553164680738,205.80728710349712,11.003389038502291,1
126.06723305298394,207.22129553041069,10.960393883466736,2
125.18291711422812,208.5303871588657,10.67765428766188,2
124.08273801903388,209.78448983928558,10.428413360746276,2
123.25629729378574,210.94226327742103,10.638855697823828,2
122.13053891108588,212.04073990956354,11.128775805386567,3
121.10123105517533,213.30856651131478,11.392531300451992,1
120.32990402939721,214.43302052062887,11.053390303375068,1
118.953605197367,215.3357474769232,11.9710070696525,1
118.00863256467125,216.44656395898744,11.918324392696036,4
116.98980023314246,217.49407932090992,11.762108000343687,4
115.80728207484708,218.48413432662574,12.179590487910787,3
114.71619008256043,219.64902924929922,11.947145949180708,3
113.60858720718504,220.53444536305796,12.162181977015734,3
112.27230272307584,221.5085710987255,12.327778998192343,3
111.16152412750738,222.5229832965359,12.558518085158653,3
109.9025460915802,223.1518523577463,12.916030425614963,3
108.79506399585233,224.1342765545528,13.54825226375965,3
107.49642845206824,224.94794807160056,12.930371555685042,3
105.8124126621544,225.74373009328175,14.3687854961438,3
104.97602259497923,226.50026558866446,13.352892233172042,3
103.91359414507565,227.36793596143397,13.383952912606219,3
102.32759142340808,227.95372876945706,14.217816783670969,2
101.37974623297194,228.6498093185604,13.574114740577897,2
100.02113642828066,229.08207655596345,14.349386977607992,2
98.64473142053855,229.6231219251088,13.421453145761689,2
97.41562134562182,230.01168028121594,13.074114439928053,2
96.27395286468384,230.81917014885755,14.298295638648142,2
94.943396523704,231.1195527554116,14.517153609644083,2
92.93737111919442,231.13350781216548,9.892749155095089,2
92.47432863380637,232.0508510491582,14.686640246869274,0
91.57280735929422,232.62534976525123,18.494892012198306,0
89.90239999525389,232.75518474102043,14.528160814171088,0
88.7247264343275,233.17414175735894,14.097923719294158,1
87.0220003572789,232.96399462685105,12.354823047627065,3
86.38668865839617,233.67242008918504,18.376169256952608,3
85.28455178044256,234.02362255498525,17.67465095795501,3
84.32158241361326,234.12427914622359,19.161140115129,3
82.79494728739839,234.1723390336349,18.13861303418446,3
81.23588765966745,234.26524985865666,13.67252067174718,3
80.33778823246863,234.51083673297515,15.95460965305847,3
79.37978547838594,234.68691549398082,18.17491356809751,1
78.38234867541313,234.72536095455024,19.68981890551754,1
76.93285043676083,235.02107773935145,16.566632849664643,1
75.84183849127938,234.87877286211398,17.95508301531231,2
73.95634644739503,234.64740571208523,14.18935040837107,3
73.25327960615972,234.91149655117377,16.34956189593015,3
72.52734601625502,235.21241515359378,18.93393330544245,3
71.0030988124417,234.72403142035404,15.399661862407925,3
69.86040667731312,234.78748928988838,14.955421178704796,3
68.97273717939058,234.81217620910573,17.23677487680459,3
67.70469143868512,234.8687864627333,16.323947770582436,3
67.0752592777248,235.01152444174073,18.74140231209924,2
65.47587074722716,235.04715836196024,15.39958062124856,2
64.90081481308111,235.1498615018946,17.647525018276383,2
63.718681200628815,235.19258477468134,17.173054537207236,2
62.776368021674145,234.36617173568624,18.44546914655166,2
61.93946993188081,235.2198028645898,19.330273951016466,4
61.05228450304935,235.24758134727148,20.671405770404363,4
59.83591040357423,235.46680456894202,20.51494425203623,3
58.80502700449321,235.41667136665512,20.332530121802165,3
57.8326035955589,235.32946710911025,19.928622247907242,3
56.89216476767499,235.29950291994138,20.466876338043107,3
55.92767111694455,235.14377158597685,20.216875566917793,3
54.69536690046249,235.44430079911095,22.648934895314596,3
54.02599260989064,235.58878526910703,20.823552722646127,4
52.96369010410346,235.48120992091782,20.912143260592075,4
51.845819239170424,235.6249495892258,20.806929827036925,2
50.93556211009905,235.52767255026572,22.77867833064829,2
50.040593613821315,235.6739241951157,21.560654970322503,2
48.928523390895315,235.8311640089379,22.405615871336522,0
48.08065155355492,235.9419955701344,21.890742439665132,0
47.12250976288328,235.8897246237935,21.13749921526346,3
46.24060507455769,236.06722050613598,23.500346580634982,3
45.29400891353873,237.4960765408952,20.10274160090239,3
44.363066614548515,236.33737443222387,22.048496022153586,3
43.43621059303053,236.63501294984755,23.898628529160874,3
42.360932226316955,236.622713886793,22.882842605210044,3
41.386902829716014,236.81266958189815,24.870071140355662,3
40.4823185398232,236.80423407211663,24.8130918777606,4
39.70503663447678,236.95314136774192,23.120153077331224,5
38.62946257046599,237.27806462276047,23.342421946551212,5
37.73745126764523,237.26850222755377,23.226421208835063,5
36.78964213588467,237.11788909650193,26.73756830462412,3
35.83988745115092,237.88881969122002,30.0,3
34.98324536023201,238.06061219828845,29.999999999999886,4
34.118045652595995,238.05761845218385,23.020687413846872,4
33.10105029551165,238.36585997142217,24.56436474822192,3
32.184923701055794,238.35367265827028,23.798642318188286,3
31.21610552856936,238.73299515318178,30.000000000000114,3
30.354574758608443,238.71333068695682,25.060744932242642,2
29.447373853502505,239.1452297539271,26.072078999480937,2
28.35350765727412,241.63285536508013,27.37811787184387,3
27.435571012824756,239.46752050380442,25.465704702504354,3
26.48736400426089,239.8308100584678,24.444458898852986,4
25.53001819736006,240.0526403277785,26.938839566401725,4
24.564355316951143,240.18142600216342,29.999999999999886,4
23.605071981148786,240.24283030973743,27.244115498630777,2
22.606313769446267,240.6251932208908,30.0,2
21.612997561496748,240.73935956552359,27.36774155280648,1
20.710657542853,241.29077007294492,29.99999999999966,1
19.769444158825575,241.2749089676382,30.0,1
18.868531827370635,241.3398383618242,30.0,1
17.924550993194114,241.7702672101498,27.62043080649528,1
17.009302022734996,242.23369589427244,27.719730448087944,1
15.98572551234925,242.52772861795407,30.0,1
15.012660692897018,243.00636475247484,28.86528704456896,2
14.126435360502619,243.1724362020873,30.000000000000227,2
13.24462865904014,243.59190172305884,28.048347296536804,0
12.453338809634628,244.03155384017796,30.0,0
11.488204874815338,244.20054416156637,25.724993223842716,0
10.53427291495445,244.7850740689556,30.0,0
9.726185666824861,244.9061523560943,30.0,1
8.832384098611186,245.35109496323412,30.0,1
7.9928616689845775,245.82212884189502,30.000000000000114,1
7.245547450866863,246.3886283036181,30.00000000000034,1
6.032135414435547,246.70944406356674,30.000000000000227,0
5.177214885645442,247.04835070786996,30.0,0
4.540500008084986,247.55009681744534,30.000000000000114,0
3.506393673977567,248.03258229448554,29.99999999999966,1
2.6271073572997024,248.56366177698322,26.613592549529017,0
1.75169751027476,248.71191967668486,30.000000000000227,0
0.9148306874626025,248.97813485013586,29.999999999999773,0
0.0626577838615659,247.28400581943683,30.0,0
-0.6940068905412525,250.22306293702917,30.0,0
-1.6046561392074163,250.69045795637106,30.000000000000227,1
-2.3399573728939456,251.2809168771872,30.000000000000227,1
-3.0618064211909966,251.61882938765567,26.690481619441016,1
-3.998165818164203,252.07654829040547,30.0,0
-4.9020043991923465,252.44565578059365,30.0,0
-5.527439060942783,253.0666339170488,30.0,0
-6.016612516384169,253.67777943272418,30.000000000000227,0
-6.997088235604902,254.19344045057682,30.0,3
-7.820102972777364,254.48941450006237,30.0,3
-8.543205145996284,255.19544000155594,29.999999999999773,3
-9.256690204630987,255.97325430125292,29.999999999999773,3
-10.300245230586075,256.2087838876947,30.0,3
-10.964729305335922,256.74514486669096,30.0,1
-11.707483849298525,257.516493140561,29.999999999999773,2
-12.57324714168512,257.8829069563498,30.0,2
-13.168661912815017,258.5451563388759,30.0,2
-14.090288715114418,259.3720871796275,30.000000000000227,2
-14.81273384968478,257.24884726259535,23.76900977811988,2
-15.761324509809961,260.1732870913191,29.999999999999773,2
-16.468489066024542,260.69300523803565,30.0,2
-17.25903889959345,261.342331574752,30.000000000000227,3
-18.12437233660394,261.81196594588954,29.999999999999773,0
-18.942555551892564,262.2378030645462,30.0,0
-19.615778838267662,262.7417796118541,30.0,0
-20.52494561186216,263.36428551581616,30.000000000000227,0
-21.30482642410478,263.80132971432755,30.0,0
-22.188712887570816,264.5643201142109,30.0,0
-22.948986095774803,265.17652616773984,30.000000000000227,2
-23.744598170290207,265.6334105211434,30.0,2
-24.486190425612133,266.172215533905,30.000000000000227,2
-25.31929564792638,266.6487040008667,30.000000000000227,2
-26.13878389060779,267.3647027644876,30.0,2
-26.957695720679414,267.7892502853778,30.0,2
-27.844718680192855,268.48585182392475,29.999999999999773,2
-28.470707972872763,269.07826481974644,29.999999999999773,2
-29.320781944506876,269.35425258351296,30.000000000000227,0
-30.226803646211177,270.0910905066609,30.000000000000227,3
-31.034654743762832,270.7923719808182,29.999999999999773,3
-31.719922651448584,271.2005939127302,30.0,3
-32.558883266870595,271.79875016771354,29.999999999999545,3
-33.31268477932865,272.46469395021813,30.0,3
-34.02269851903566,273.027095130408,30.000000000000227,3
-34.69653953283679,273.6234175106259,30.0,3
-35.556212058706166,274.2160949022329,29.999999999999773,2
-36.372879328129116,274.8063958704582,29.999999999999773,2
-36.92624841611762,275.5273633059634,30.0,2
-37.828356933788385,276.17104664360033,30.0,2
-38.43216662851132,276.7959195783372,30.000000000000227,2
-39.24305654536932,277.6219830974408,30.0,1
-40.03221928606712,278.25900439422276,30.000000000000227,1
-40.75255267418387,278.90613899361466,30.0,1
-41.4147090094609,279.8842650201862,30.0,1
-42.32654911681875,280.0627175542242,30.0,2
-42.72130566148998,281.3624517443186,30.000000000000227,2
-43.6184554573454,282.19419953608394,29.999999999999773,2
-44.23230556641641,282.9064400944944,30.000000000000227,2
-45.0540462952732,283.47092248852033,30.0,1
-45.55567380383494,284.3657549598107,29.999999999999545,1
-46.314082509736224,285.0766357105758,30.0,1
-46.842023783710395,285.9668392618728,30.0,1
-47.4653540537998,286.87971823664617,30.000000000000227,1
-48.203920888962365,287.8742523421747,29.999999999999773,0
-48.92628649504468,288.5136036171884,30.0,0
-49.35053315807448,289.67284312424465,30.0,0
-49.95833022147937,290.2378627718598,30.000000000000227,1
-50.667140469277875,291.2069282323619,30.0,1
-51.14932782905504,292.23971464855316,30.0,1
-51.891031977125216,293.19392837976824,30.0,1
-52.53225609899906,294.17913968096263,29.999999999999545,1
-53.18654824678722,294.8709948018517,30.0,1
-53.551817202201946,295.6950820919511,29.999999999999773,1
-54.23183687765658,296.64679353992204,30.0,4
-55.04854821143214,297.72388835931713,29.999999999999773,4
-55.31025512396246,298.705076260234,30.0,4
-55.994991583316704,299.771723182475,29.999999999999773,4
-56.53320881473271,300.6218202204051,30.0,4
-57.179585755630654,301.52342292135063,30.0,3
-57.568578160054,302.4814586518621,30.0,3
-58.39062102975292,303.51401893298635,30.000000000000227,3
-58.91718522014244,304.50396362449465,30.0,3
-59.416775304517806,305.30837798060435,29.999999999999545,3
-60.05589231259791,306.34117023543223,30.000000000000227,3
-60.64975722772065,307.5220928220208,30.0,3
-61.31309102806754,308.49717470654696,29.999999999999773,3
-61.80150911236202,309.1885807889186,30.0,3
-62.406208748897235,310.0704068149265,30.000000000000227,3
-63.19141207942958,311.27788296652426,30.0,3
-63.490822287343995,312.0865430913109,30.000000000000227,3
-64.09059287488164,313.3264722654818,29.999999999999773,3
-64.46215304867606,314.3392266143822,30.0,3
-65.05644490632423,315.4522185708997,30.000000000000227,3
-65.59555467514147,316.3091145773936,29.999999999999773,5
-65.91744559315873,317.36356218917757,29.999999999999773,5
-66.43555088978053,318.2872078162658,30.000000000000227,5
-66.98992191983729,319.4378069387221,30.0,3
-67.18532752663106,320.40332900699286,29.999999999999773,3
-67.72641902157565,321.5520516820991,30.000000000000682,3
-68.0405635373156,322.4717582819205,30.000000000000227,3
-68.52024777004907,323.7814357629566,30.0,3
-69.03213358666937,324.688735318602,29.999999999999773,3
-69.61645329082572,325.6961592295036,30.000000000000455,3
-69.56838066498698,326.73573532918874,29.999999999999545,3
-69.82866234348002,327.86948210582005,30.000000000000227,3
-70.2826509520145,328.69932204752166,30.000000000000455,3
-70.80801967684745,329.8777501265176,30.000000000000227,3
-71.34106331893817,330.8728287064997,30.0,4
-71.4067893505466,331.8833924571055,30.0,4
-71.82692602583704,333.0622580093056,29.999999999999545,4
-72.29464365881336,334.1263781087167,30.0,4
-72.28926891039816,335.24917993901516,29.999999999999773,4
-72.39674359449491,336.1399485899311,30.0,4
-73.06599777698514,337.32046956724014,30.000000000000455,4
-73.12725408484904,338.08490590574854,29.999999999999773,3
-73.69323530129142,339.17344328808855,29.999999999999773,3
-73.87033143237804,340.5433072719605,30.000000000000227,3
-74.1624201887681,341.2741456495395,28.400492495420167,3
-74.25699629833848,342.21872911590646,30.000000000000227,3
-74.91145639999229,343.30113869199306,29.999999999999773,3
-75.15803572884612,344.21982498306926,30.0,3
-75.79406912422614,345.2548580467826,29.999999999999545,3
-75.80908135237043,346.1808970651851,30.000000000000455,3
-75.92271314433954,347.21594420278063,30.0,3
-76.34749319519042,348.13729343400416,30.0,5
-76.81208641118468,348.8380132817901,30.000000000000455,5
-76.81997886090548,349.5499744990806,30.000000000000455,5
-77.21346187402226,350.6146270800833,30.0,5
-77.74888755996446,351.4544470056451,29.999999999999545,5
-77.9198351414335,352.42146508739813,29.999999999999545,3
-78.23137129859695,353.42187708497624,30.0,3
-78.2744085866314,354.0597643730416,30.0,3
-78.77739676980666,355.11889259970224,30.0,3
-79.07675583647321,356.0313222749032,30.0,3
-78.83847516334217,356.9274606153425,30.000000000000455,3
-79.2556009640561,357.94522725887606,29.999999999999545,2
-79.30883201999033,358.71624790302803,30.0,2
-79.68228532744152,359.8570694593672,30.0,2
-79.66019828247511,360.69667358622013,30.0,2
-79.60505752191595,361.6411048693347,30.0,2
-79.70308268295166,362.4167987700797,30.0,2
-79.52404593730154,363.31070603867215,30.000000000000455,2
-79.66203511435575,364.156290551965,29.999999999999545,2
-79.5280101800719,365.150823830335,30.000000000000455,2
-79.50558309519681,365.9610836398133,30.0,2
-79.21499402388339,366.87828149900696,27.460868432648567,2
-79.33968985155101,368.01491042070194,30.0,2
-78.90255124174556,368.75920904289177,30.000000000000455,2
-78.9374553235251,369.74667385998606,30.000000000000455,2
-78.76263623397453,370.8286362619855,29.999999999999545,2
-78.62764969509388,371.64513248472457,30.0,2
-78.31794468251016,372.4604594053514,28.9827404343132,2
-78.2027172713709,373.5817075933475,30.0,2
-77.79551801655084,374.37981794283445,29.999999999999545,2
-78.01432612981779,375.5220719418332,30.0,3
-78.14402853212346,376.56592810476934,30.0,3
-77.83179702722795,377.6596197477546,29.999999999999545,3
-78.01558029726286,378.6076955416212,29.999999999999545,3
-78.18983456046851,379.75720575924083,29.999999999999545,3
-77.27270161725322,380.7914119355253,30.00000000000091,3
-77.34616138641468,381.8042692506025,30.0,2
-76.95745512402914,382.65831470557384,30.0,2
-77.25057694066484,383.94835869285555,30.0,2
-77.01188327477715,384.9063961211419,30.0,2
-77.07488979091984,386.1619022036546,30.0,2
-76.86557187501187,387.119449392313,30.0,2
-76.901536429442,388.5083955792869,29.999999999999545,3
-76.46427025805434,389.41998998223715,30.0,3
-75.94204895464847,390.6987577042334,26.705520223812528,3
-76.18528640513759,391.7268804827614,28.780753873573758,3
-75.98242584531802,392.7534300505698,30.000000000000455,3
-75.56182065191238,394.02638829410637,29.999999999999545,3
-75.82474704590616,395.06015487263215,30.000000000000455,2
-75.37293564943232,396.1392805816795,29.999999999999545,3
-75.33532451560482,397.2488719894302,30.0,3
-74.98437423511112,398.29198271008164,30.0,3
-74.89618882370199,399.37692861481355,28.50043419370195,3
-74.585436974589,400.47647509187635,30.0,3
-74.30365098993893,401.5954795131409,30.0,3
-74.03467140494637,402.5385919756208,30.0,2
-73.73053287731052,403.66893070767094,30.000000000000455,2
-73.51935471271999,404.63576773074294,30.000000000000455,2
-73.17278736061606,405.8544693366831,27.461492525979338,2
-72.94444705027624,406.74679974978255,29.999999999999545,2
-72.53533029781023,408.021222698732,29.999999999999545,2
-72.55892385727618,408.89577409007416,30.0,3
-72.08005856785321,409.9406486914825,30.0,3
-71.57264830381334,411.1963442038062,30.0,3
-71.56798776920118,412.1660749961739,30.0,3
-71.25873764383749,413.21516439491256,29.999999999999545,3
-70.9709984122303,414.2591556161005,29.999999999999545,3
-70.32770246515848,415.4733197872667,30.000000000000455,3
-70.02126143034512,416.5662218297662,30.0,2
-70.09500243541686,417.88840634696624,21.80064944193282,2
-69.64629882646969,418.467813146641,30.000000000000455,2
-69.24740046254972,419.485145534774,30.0,2
-69.27408773036724,420.6271914002407,30.0,2
-68.64155131943178,421.7790064455766,29.999999999999545,2
-68.22480996332419,422.640403327474,30.0,1
-67.77538510243627,423.9308283887882,26.13351977463026,1
-67.59783379043694,424.88999925662233,30.000000000000455,1
-67.26710569762693,425.9681023903165,30.0,1
-67.09191153824936,427.1061372696389,30.0,1
-66.72144490440252,428.2315653027492,29.999999999999545,1
-66.18362706662523,429.25996552914415,30.000000000000455,1
-66.55323692758931,429.9399731845535,30.0,3
-65.76182425695028,431.33769639713216,30.0,3
-65.52035152206464,432.07065169070256,30.0,3
-65.00154730957983,433.55306428408113,30.0,3
-64.68923042870145,434.6396451477114,30.000000000000455,3
-64.33840108597309,435.5663935928498,29.999999999999545,3
-64.11705193982803,436.6754296697165,30.0,3
-63.99901610255082,437.6316635848673,30.0,3
-63.45494032107792,438.6324131427517,30.0,3
-63.08609001363175,439.6765322137612,29.999999999999545,4
-62.84585712128955,440.7314536694065,30.0,4
-62.665718909169456,441.73513289455536,29.999999999999545,4
-62.041987746197925,442.90580624068286,30.000000000000455,4
-61.810794815996154,443.9974941344204,25.285428229839,4
-61.69889759518741,444.6503599679102,30.000000000000455,4
-61.4442670030592,445.91380058808915,29.999999999999545,3
-61.296227413676334,447.01485633933925,27.15707439114385,3
-61.186225185494024,447.86570095900987,30.0,3
-60.52633455739605,448.8313912379802,30.00000000000091,3
-60.30272140811424,449.74260034603327,29.062750901576237,3
-59.90049992177471,450.85814113252087,27.08571593766419,3
-59.75582237674642,451.7874441084375,30.000000000000455,4
-59.564251828346684,452.63194879475265,30.0,4
-59.05188729847621,453.71992638185765,30.0,4
-58.816307956161445,454.91412891933504,29.999999999999545,4
-58.37564315861837,455.8008809715389,30.0,4
-58.330145696626936,456.8381104608857,30.00000000000091,4
-58.07891255704459,457.6167190828157,30.0,4
-57.76200616978724,458.5326389977617,27.248840706773535,3
-57.4581097461412,459.5565626597774,29.99999999999909,3
-57.123914028537286,460.323815725464,29.99999999999909,3
-57.06019770992381,461.2621490607706,29.999999999999545,3
-56.61712161063706,462.21790956555736,27.25700851418287,3
-56.578455218503144,463.37542708346604,30.0,3
-56.06743872045812,463.76884816443163,30.0,3
-55.81617332008491,464.876042035985,30.0,3
-55.45041550522119,465.75844616288737,29.999999999999545,3
-55.204504703715195,466.79184761030757,29.99999999999909,3
-55.02976055406297,467.67279279045573,28.423047668437903,3
-54.8512701212892,468.56176772095245,30.0,3
-54.38870810723099,469.44862011427546,29.99999999999909,3
-54.15746521438656,470.39640099757395,25.80787557966778,2
-53.79904497714379,471.31529394466156,29.999999999999545,2
-53.640287599145594,471.97106674536536,28.084884457848602,2
-53.391112987326,472.9429693319503,30.000000000000455,2
-53.12926866722771,473.8386080473813,26.620955458477965,2
-52.902724881578976,474.5550169140388,30.000000000000455,2
-52.59573456195373,475.409974639584,26.351783776764933,2
-52.33031273008382,476.2045101727527,30.000000000000455,2
-52.01601255959165,477.0851467928825,30.0,2
-51.83918066905518,477.6412628198268,30.000000000000455,2
-51.68937755480458,478.6888391556756,27.24689581356006,2
-51.34581688524784,479.2756934102349,30.000000000000455,2
-51.161698041243916,479.7204588387745,29.999999999999545,2
-50.92160945860197,480.8497708045274,29.999999999999545,2
-50.83631146363097,481.1969327922066,30.0,0
-50.583105088135426,482.21469015968046,28.052692614173793,0
-50.41142683353403,483.0955367502281,30.000000000000455,0
-49.99619605012449,483.86770952368306,30.00000000000091,0
-49.746237592840146,484.572853729851,30.000000000000455,0
-49.767847541221215,485.37572520673183,24.545011590267222,2
-49.67289614573372,486.28185185843483,26.25841952734754,2
-49.56156002551672,486.94904075520134,26.91905088771773,2
-49.45962797927725,487.59362443126435,24.220407465324115,2
-49.056419113713766,488.3801221073058,29.999999999999545,2
-49.22094893242843,489.26694661383203,24.372137097734594,2
-49.0705533451993,489.885141700791,28.566654691343047,2
-49.017073695661495,490.900434088123,26.769592621600623,1
-49.16794446583747,491.5398156996037,24.56995361231202,1
-49.16095075266556,492.2706337554207,25.56309039767666,1
-49.1447925974418,493.23069527953254,25.231233776026784,1
-49.291998953594096,494.0380907201992,28.632393878171115,1
-49.52342470690547,494.66086432209573,23.79038612217937,1
-49.32696090086168,495.41968667480455,26.344976235464856,3
-49.445745162904444,496.5645665630282,30.0,3
-49.6540030854171,497.15263529586116,26.33053976501742,3
-49.71332988638165,498.0258327655446,24.26637715535071,3
-50.02241343912314,498.53219909145,24.566665820201706,2
-50.072585212678284,499.4954469880196,29.99999999999909,2
-50.448551845698915,500.4443940485284,26.624040174810034,2
-50.4104226885547,501.09986237758864,30.00000000000091,2
-50.92682892898328,501.7356899607252,22.54394244103605,2
-50.896086343353765,502.7952941372085,30.0,3
-51.437847959714944,503.3156791470539,23.795273191886736,3
-51.608869532233854,504.1881823744359,28.829955182533013,3
-52.04728603771203,505.0970114283516,23.70540893625639,3
-52.146882644727334,505.87373618061537,25.09626966714586,3
-52.61282215970792,506.74377051812235,23.518875833397942,3
-52.95201386120348,507.4503792351974,25.75127901235919,3
-53.36057173160501,508.1407397512212,23.785609956351436,3
-53.77342151422226,509.03354964745364,26.366060765974908,3
-54.13190141058843,509.9591892920439,23.743554125288938,3
-54.597662587828275,510.3670495997338,21.553957023992552,3
-55.0471675425314,511.2406123923515,23.980309023319933,3
-55.44618609381439,511.975876700788,23.375449968301837,3
-56.05352718024714,512.9311841996513,25.832160030487103,3
-56.57811178993456,513.5182756161566,26.8857117591906,3
-57.006979068925,514.1148752382562,24.53772068527269,4
-57.51896698727354,515.0358623062299,30.0,3
-57.98924498299817,515.5960900001984,21.905684716654832,3
-58.54955746586822,516.404038280046,23.995056833571653,3
-59.17265580120146,516.9544903668569,30.0,3
-59.812292550472826,517.7100772828402,23.227345006078394,4
-60.28665518296539,518.3931894497736,22.48746993488021,4
-60.99934477759872,518.8872298601333,22.733456492976075,4
-61.785540673592706,519.5896676425588,30.0,4
-62.36926808250482,520.0252547671798,30.0,4
-63.05206593260436,520.158029865583,22.215228679812753,4
-63.61110369437532,520.7236232699063,22.24474852737785,4
-64.42165816492016,521.4266116911153,24.94671502678375,2
-64.96273597618791,522.1925785824859,23.069590352883097,2
-65.72796521023707,522.6072580715435,23.474064454022482,2
-66.46915038065808,523.2975344145532,30.00000000000091,2
-67.25185824441412,523.5593106639573,21.469943921973027,3
-68.02599654361516,524.142972244276,22.657315078757165,3
-68.60119998992954,524.6334190578856,23.630002783284,3
-69.48709926361516,525.1189586896113,24.166011711646206,1
-70.30395105831846,525.6006155877027,24.822295907674743,1
-71.13346753117212,525.922042129562,20.638007191684665,1
-71.85012324122047,526.0358606829719,19.267484332722233,1
-72.76478565735839,526.5891363734097,21.10596887288193,3
-73.50348654507327,527.1698148539269,23.638860925147128,3
-74.59596566274014,527.556478696187,22.575635163026163,3
-75.48647901154095,527.8479182546098,20.732208467637975,3
-76.31978030463537,527.9942699546611,23.498273657412938,3
-77.11694161386932,528.3294322359474,22.641579475118306,3
-77.9893449640441,528.4580663386065,20.45371342825365,3
-79.12456452754382,528.5127362077918,27.417162017695773,3
-79.98135456440042,529.0651731026077,21.57451538711757,4
-80.98907263267033,529.1970195745907,28.114446419903288,4
-81.89100449235377,529.4277048005065,23.497352392097127,4
-82.82696873852376,529.2572955390393,18.126860879475316,4
-83.79093859635611,529.5123451257895,26.027017355590033,3
-84.71235212961919,529.6183133911602,22.29212116135932,2
-85.72905904063589,529.4952772625393,23.419278883270636,2
-86.90638028049325,529.4510417266574,20.633482158676998,2
-87.86908769640063,529.6379791761121,18.14362227966558,2
-88.84488738703054,529.9220413277195,21.13127276869909,2
-89.8481305081996,529.6963073272107,18.782937015019343,3
-90.97043869146086,529.6947862504654,20.522127504402306,3
-91.93297813847,529.4898109976515,20.33470255411703,2
-93.08355229312964,529.2096819557235,20.278369505511364,2
-94.10547521142529,529.1619048659728,17.491968728360007,2
-95.15559343801607,529.1381110880258,20.122931245736254,0
-96.13139704768443,531.2839185268679,18.852865110919993,0
-97.25352404171319,528.5458557556036,20.56761843840195,0
-98.14441866571228,528.3165123852652,22.865305805724347,0
-99.04298591033086,527.8881200680934,16.341142906157984,1
-100.38752901590381,527.8116130560192,19.538101801254925,1
-101.29751126120736,527.75563389614,22.982335531223725,0
-102.51973358332609,527.6352843515724,20.285839798227244,0
-103.61287866963717,527.0431529741619,22.51874924576896,0
-104.44949232042829,526.4634407412482,21.48658070342117,0
-105.55474793135892,526.2615823698111,20.87242491447796,1
-106.74104276249581,525.6713219228623,17.46090346163328,1
-107.6697154398564,525.1181906012503,19.436894378394754,1
-108.61499366253237,524.7511128778303,17.74006000058398,0
-109.53635893519032,524.310410370588,25.063598226796785,0
-110.7543929232836,523.5521887758373,19.59082374442005,1
-111.558497913527,523.5392503475648,18.469735826321084,1
-112.8099416387899,522.8206135566661,19.733343910363146,1
-113.8005888589786,521.7494520578349,19.039089377532946,1
-114.77243156420852,521.8071831388829,18.023957517204508,1
-115.92933966199786,520.8264438842833,18.950054454991914,1
-116.87804597307675,520.7934420069566,18.12290843054143,1
-118.00742735180752,520.2626020845906,16.91619962797904,1
-119.02395531507422,519.7535990157703,17.205043890952766,1
-120.07606332047126,518.946893155515,17.046476050337333,2
-121.11857971293492,518.7290978550689,18.12922428089314,2
-122.13540138728791,518.1823552427752,18.425296045737923,1
-123.28275688020388,517.4547030826658,15.86591275464798,1
-124.38018363981028,517.2084221955554,18.29968926141828,1
-125.35844721744321,516.6718392058485,17.600064158857094,3
-126.5715958948508,516.0633114734177,17.525243195473195,3
-127.81479443632125,515.114334647626,22.125282303659333,0
-128.88895594563354,515.087117945289,17.703514592571082,0
-129.95617580189696,514.3700940299656,16.755751849770604,2
-131.02267163232565,513.7955140451337,19.20195237527605,2
-132.06320955640763,513.3737678874967,17.13814984610144,2
-133.2626319885704,512.6706792366552,16.54516944446914,2
-134.5510995393509,514.5636983171179,13.87973093745859,2
-135.50899373393466,511.6072654639502,16.5690658243866,2
-136.7697077686463,511.10887521154876,15.842675623334799,2
-137.83218788145805,510.5431289684112,16.1188695685496,2
-139.11649555886675,509.9304260299702,16.062819805566505,2
-140.21111679645134,509.0063429369561,15.361675637657754,0
-141.45413860483808,508.6168781024899,15.535610534793705,0
-142.5702456688093,508.25212313344866,16.391976071474346,0
-143.71967519629223,507.4051765049085,15.229039832924173,2
-144.99606092273703,506.81724134555924,14.59400349117277,2
-146.232242978832,506.37190377014196,14.422918741893227,0
-147.3743271077052,505.5524205542391,14.916342645768964,0
-148.64984298163932,505.19107002120796,15.66291156891748,2
-149.67282350210633,504.6195239602803,16.042498975683884,2
-151.21608818925048,503.8257311380481,15.643196581153461,2
-152.28280842391973,503.3382506784734,15.834652198552249,0
-153.5929818358014,502.73639827174105,14.51802533296268,3
-154.7600023148752,501.98964381020943,14.45120032039722,3
-155.92421763237252,501.5582184790674,15.181445400467965,3
-157.2896460930278,500.5287712211758,13.615610586501134,3
-158.75690242572847,500.35397419422225,17.43626737480554,1
-159.89617995594006,499.4899981373893,15.388143165831025,1
-161.06151242712207,498.98446872427235,13.92601375081449,1
-162.23751673879096,498.2091034302443,13.700597155473588,1
-163.52969907646548,497.64502342185256,13.189189337480457,3
-164.83630869562592,497.0221443635186,13.962368486322703,0
-166.06985658758813,496.33434946523505,12.996389255018585,0
-167.36667900480433,495.36515746803235,13.974856418612944,0
-168.66392516887598,495.01985604185256,13.992113532525764,1
-169.90162328063732,494.49897425023124,12.654751118370768,1
-171.17040818707954,493.94042569296636,13.544276443917624,0
-172.2605319103264,493.19037020023467,12.50576930396619,0
-173.6732442976966,492.5992824471476,13.130321876470589,0
-174.9854970404531,491.5557011484884,12.505673705876688,0
-176.07454433246528,491.42873566532563,14.331741501534452,0
-177.64680436854704,490.6514025932596,13.397682800850816,0
-178.65808874122433,489.93331305131306,12.404150430003938,0
-179.95623041007224,489.4385416576311,12.473766390065975,1
-181.13901031204335,488.79053090855666,11.545819407161616,1
-182.46011058381438,488.22045694640184,12.819422796517756,1
-183.62263003238405,487.3844718619004,12.96416468341522,1
-184.87303020636196,487.14526518622716,13.001089928516194,2
-186.15661125955754,486.1459509559946,11.97464775107619,2
-187.56211988335468,485.9339050335173,12.503398597997148,2
-188.7388603898966,485.22596965715235,11.704278890132628,2
-189.86821176668533,484.5335099253496,11.58766044967524,3
-191.14050338110192,483.8361877766125,11.804917575263062,3
-192.356681035729,483.4583503623144,12.717090364359137,3
-193.51579759632705,482.80184758478083,11.858331455680855,3
-194.8549932807489,482.05150058953296,11.888859161952496,3
-195.91761597975025,481.7042454833774,10.92851353666174,3
-197.2096526665608,480.86023765403684,11.881260994271543,3
-198.41023051862084,480.40406663173326,12.611408269235653,1
-199.64228470485324,479.62791066279834,11.260702075826885,1
-200.75548234082933,479.0982232268841,10.642010951700286,1
-201.89783637737494,478.46797566710694,11.886167939472216,1
-203.10437626445818,477.7772786939536,10.584920692042033,1
-204.11925421288643,477.272827913437,10.987180741543852,1
-205.48396778088855,476.6528348631697,9.902787370046099,0
-206.64379277339066,475.93733703808823,10.153522507464004,0
-207.8335770739526,475.4010956541447,10.81966385720716,0
-208.92724583623206,474.89697379601955,11.448836697746628,0
-209.89193547957422,474.27781853919606,10.694151840238192,0
-210.81889717275766,473.7740931503844,10.686909662482321,0
-212.0598669727181,473.0854184514905,9.48186187083229,1
-212.6544615742071,472.6608138089034,11.52853723238968,1
-214.04119273064384,472.1444080978517,10.071562715200344,1
-215.00374715367388,471.5926807820528,9.837275080980362,1
-217.72601852221683,469.8600939401454,3.677457707184658,1
-216.9781274818279,470.5228022215833,9.935239074863603,2
-217.8537594003311,469.7974437014687,10.077140674734437,0
-218.7973754211176,469.46202643475414,9.973786904663939,0
-219.79011477700993,469.0874650589351,9.221280519076572,0
-220.73931910329551,468.61618371652395,9.578772254846626,0
-221.63712439048,468.28305180488593,9.193520188912771,0
-222.47424032327604,467.654960066488,9.978779439377831,0
-223.40215850180152,467.35656956440755,9.797213346852004,0
-224.65281325010776,467.0168077822439,11.29783132108605,0
-225.4706899480877,466.7310812547517,9.380298292738189,0
-226.44037359771363,466.38255013281446,8.903443974745642,0
-227.28377340925815,466.22423435025206,8.724563839912662,0
-228.38710980857928,466.0078843618655,8.261344224175446,1
-229.23152788754018,465.7522830303917,9.50078914108326,1
-230.34136474877187,465.1208294524264,10.391801214444968,1
-231.31150882113707,465.2566161219244,8.355227830071271,1
-232.33868995760966,465.07626904094144,8.685031485993932,1
-233.20992766185793,464.8852497776756,8.93594551217393,1
-234.34143260074723,464.66471405969867,9.258816059168566,1
-235.27694218574695,464.6109422011886,8.160371407356251,1
-236.24055975399472,464.4124755890135,8.625714019422048,1
-237.33580566402864,464.3891886958265,8.0702781341015,1
-238.49468309925444,464.1823711136463,9.06553771383824,1
-239.31490982915264,464.1658495624955,8.400288765416008,1
-240.3500295280951,464.3953332247968,7.200587606544104,1
-241.26019355534075,464.465384950385,8.115532804390568,1
-242.52785942491337,464.1744793393241,9.102784567970048,0
-243.54958336124452,464.6976864239666,8.47369449766029,0
-244.62854036654326,464.6753755382217,8.098300190353257,0
-245.47939189312766,464.8850736296429,8.854750687150045,0
-246.60967905716498,465.1464868085505,7.705630609624677,2
-247.68387319595516,465.39224108963435,7.732817778393837,2
-248.62106152136872,465.6780356682833,7.555430989332308,2
-249.6434644089831,466.07545473486795,7.136402785939936,2
-250.81773310353236,466.1044821897084,7.732193340880258,2
-251.83664464883083,466.80647409023453,6.77462758547972,3
-252.77838219079453,467.01866702393244,6.690433070812105,3
-253.74605863262707,467.5626266454644,6.835786967369131,3
-254.7799465936878,467.99555673832464,6.47086859648789,3
-255.7468738024987,468.44966603336394,6.7429885716210265,2
-256.70770020735154,468.9602119194789,6.404392364039268,2
-257.74507668340755,469.36364669774025,6.745532112683577,2
-258.7229954056063,470.1126158492164,5.749757845495878,2
-259.5572481199487,470.6794976856471,6.254561912437566,2
-260.6528457016959,471.19703277298703,6.006339932359879,2
-261.5462208957067,471.82351037741756,6.316441455426684,2
-262.54556914078165,472.5935047270127,5.834432663665211,2
-263.26129286426743,473.2152819927652,5.80901420245209,2
-264.49745900437944,473.9700421558052,5.507809315714439,2
-265.26407861033545,474.675434049491,5.201196282419005,1
-266.2062094687241,475.41729568909227,5.066261826007576,1
-266.76783812191866,476.0116568733685,6.129736958228023,1
-267.83145458934115,476.912063138847,4.849658448920309,1
-268.7411758278222,477.5685974632282,4.938795414164815,1
-269.53348976097527,478.3375185819938,4.848524467827701,0
-270.4284239700236,479.2953810455191,4.704875494963744,0
-271.45554049877484,479.9505467287886,4.479312539932835,0
-272.2912131764573,480.69761170022593,4.38304553832495,0
-273.1244451766054,481.61221091816867,4.2480337738106755,0
-273.90835999743484,482.28065604347404,4.269283495576019,0
-274.6750125672797,483.1373374799929,4.086974474988892,0
-275.4007816239277,483.95240837235417,4.192723757653766,0
-276.5158399744702,484.68178976749516,4.3606956205139795,0
-277.2082554253368,485.34894359958747,3.84204492995741,0
-277.9259853982706,486.41530931488194,3.437826490532643,0
-279.06568054266995,487.1220618458418,3.272350506037583,0
-279.7822733394086,488.0682754878628,3.0889471165664872,0
-280.41296007869187,488.64488901466257,3.2642628212852287,0
-281.3241323881806,489.42943813436773,3.039015378007207,0
-282.16257285029417,490.19762942840094,2.974833643689635,1
-282.9189286462176,491.0015557194572,2.7504502649826463,1
-283.72214748558895,491.5671566324837,2.6512002330064206,0
-284.5152963256183,492.3475222143031,2.2464921958426203,0
-284.9774963082843,493.084959155281,2.543754018916843,0
-286.05951816766003,493.5547644498832,2.256879269602905,0
-286.85635960611734,494.4058972493118,2.5509727255030157,0
-287.3904214059803,494.97486439144325,2.666751611024665,0
-288.4843718224785,494.91405073458475,2.599470365662455,1
-289.0737221737507,496.08624157116526,1.7464105993340127,1
-289.78565199461235,496.6230159050935,1.669470028212345,1
-290.5007774846308,497.10347616239477,1.9059279759103447,1
-291.02944686556066,497.4097250966906,2.2000187737094166,1
-291.90185738036996,497.90000122253525,1.8704235832465201,1
-292.6104044712332,498.24762173035265,1.9099294923207708,1
-293.22909933466974,498.9675204957102,1.7677866654630634,1
-293.7949339426015,499.20850370010857,1.803693647802902,1
-294.5296776475735,499.3021370103196,1.8467881657161342,1
-295.50817003859646,499.78137562336275,1.7685648119186226,1
-296.13532845446656,500.05328982459463,1.6488231144312522,1
-296.7914529666061,500.4638768445658,1.561058727335876,1
-297.4236851145275,500.7899995424536,1.638987937893944,2
-298.06717394571575,500.86307743878035,1.0799308355526591,2
-298.97837715124064,501.0573513933582,1.4272453921330452,2
-299.4765399489893,501.18064541563393,1.5355088090036588,2
-300.3485872587907,501.1506372688819,1.552727408617102,2
-301.1515024123383,501.0777235360142,1.8711355660789195,2
-301.9749964541486,501.3946807154505,1.3289288566465984,1
-302.57776798225353,501.3863308166619,1.669069308566577,1
-303.2698012528355,501.3669424959253,1.5923968892384437,1
-303.3297317512242,501.4887373945463,1.8703608531204736,1
-304.72738417913087,501.3610760255574,1.3352578565099975,1
-305.45110228055825,501.2099322820721,1.304945687651525,1
-306.0028074125897,500.9538984682508,1.5937768649055215,1
-306.96980625287864,500.9641120139941,1.2923056836689284,1
-307.5842057432632,500.6082389958953,1.5669744481556336,1
-308.35866742648636,500.689133754346,1.4829388332591407,1
-308.95298417136104,500.49080071991983,1.184593527126708,2
-309.4319813550939,499.8389752766893,1.6637895667881821,2
-310.3796937344855,499.7717107301925,1.2390221672148982,2
-311.15708155554444,499.3081429227772,1.5738993805898644,2
-311.79724357040686,499.2709017400986,1.4177259099960793,2
-312.1113898019476,499.0416631861749,1.4281773374341356,2
-313.1394306661122,498.72944678348216,1.331061353768746,2
-313.8423764304412,498.35083603644506,1.2728627273809252,2
-314.419953400006,498.0204519722276,1.2339461604369717,2
-315.13827904360704,497.6866327407168,1.3263033222956437,2
-315.89853900974407,497.5871313360563,1.1138105941327012,2
-316.51464248396644,496.987141786418,1.2291258468221713,2
-317.0021274070248,496.5583175177691,1.2032899444739087,2
-317.62569931757486,496.09559062878833,1.5336949728898617,2
-318.1623573713091,495.5449710581081,1.3958431008413754,2
-318.8549105440956,495.119721121126,1.2897342445176037,2
-319.24627139320165,494.6241514586797,1.2992633506028142,2
-320.0194955734489,494.0965307023104,1.2794647024547885,2
-320.4525093726266,493.5056130184806,1.2308883474870527,2
-320.93571470480606,493.0133562788804,1.2664945808155608,2
-321.11043181832247,492.2701042585808,1.33200132336151,2
-321.7394604343546,491.95318934108514,0.9650054477033336,2
-322.05435121720825,491.0509595593434,1.3580201465683786,1
-322.4988888117494,490.56879568919476,1.193954586236032,1
-322.89351465439205,489.9939723073473,1.4653087116867027,2
-323.00395424399215,489.228921647757,1.2845399134366744,2
-323.35665312434,488.7184793446305,1.5672123569484029,2
-323.7314358981259,488.14054587400284,1.2642146882808447,1
-323.99506546487856,487.6456081899406,1.1663355103564754,1
-324.2260345391284,486.96087042764765,1.5037120809847693,1
-324.46568286380904,485.9903844373002,1.4904640045424458,1
-324.57221045943277,485.65811300013866,0.9701022843246392,1
-324.8857278746491,484.79236344965767,1.584068770288468,2
-324.9226138020067,484.2943117066814,1.1898501097884946,2
-324.9893509253198,483.446515228319,1.5174820011925476,2
-325.2643264854068,482.8080078310463,1.428023403136649,2
-325.5600541245493,482.25497905638383,1.3516085492901766,2
-325.4160123937056,481.3060943535317,1.4842373697674702,2
-325.19613975713185,480.60479117601494,1.4586083594122101,2
-325.67752670327627,480.12097669245713,1.6000800094370788,2
-325.41160240150083,479.2721055864558,1.221003345540339,1
-325.3747257628974,478.7095154873613,1.256069424245652,1
-325.48189035272406,477.8148578036941,1.193330363046698,1
-325.3335116188728,477.19867035082075,1.2932296732979012,1
-325.16354697050355,476.04256932147314,1.5451402311973652,2
-325.23701886099167,475.67414634051454,1.2819641300739022,2
-325.20861510031483,474.9374413615194,1.447209058428598,2
-324.8275091907602,474.1125626117452,1.2239813616915853,2
-324.91973786604564,473.30878151927146,1.5899408361656242,2
-324.64942236078423,472.45166110639764,1.3339026312423812,2
-324.56403322139613,471.8823531791962,1.1665363195861573,2
-324.28748504301024,470.8943813363682,1.2823814419425617,2
-324.17924212008654,470.1198525105145,1.632478020211238,2
-324.0379933084441,469.41030531548904,2.0437955997558674,2
-323.46444959684885,468.47351536886134,1.3108878770417505,2
-323.3920882299769,467.66774081644303,1.3931014095869614,2
-323.1325553345953,466.7240283619764,1.440029959813728,2
-322.95598647860373,466.0986931692141,1.404408204372885,3
-322.7432700026578,465.20073029358673,1.237226140682651,3
-322.37708085853575,464.34581180488243,1.306227622323604,3
-322.3802291603223,463.3830226551356,1.5963080146148059,3
-321.99884247681905,462.5906160582104,1.2101585631708076,3
-321.4960854354383,462.05217850984116,0.4323325156219653,2
-321.41532754528026,460.9055966997019,1.0958153718247559,2
-321.19700251185026,459.8421351909888,1.1709144853894031,2
-320.66006295223775,458.9483061739407,1.1163300603448079,2
-320.50605058395735,458.03667334528654,0.9213921447326356,2
-320.2484375960199,457.0038176428853,1.1590455283449046,2
-319.8910006141613,456.21883585368687,0.787939683606055,2
-319.7175955961119,455.2581373751538,1.4086746445564131,2
-319.4870055287695,454.2579732392221,1.784537012351393,2
-319.07601600786415,453.3550075320364,0.9626771445882696,2
-319.00801934863773,452.32549584978943,1.4681404494531307,2
-318.3270713086193,451.29551605967526,1.3778553348620335,2
-318.46760246341114,450.5199616357965,1.3223204532023374,3
-317.82886795219594,449.49173976336874,1.7129802280687727,3
-317.5343736579945,448.47703944959346,1.0517024452374244,3
-317.2445013473413,447.5129936466451,1.0723409919337428,3
-317.2513687472296,446.38354903039544,2.247547547150134,1
-316.803356062452,445.68592256609065,0.9494989004133458,1
-316.4876087815479,444.3483776985193,2.275917982482497,1
-316.25632670978393,443.68272140948216,0.9535044444246523,1
-315.970358002675,442.7469624286772,1.0761373631994502,1
-315.73150397926213,441.54765696541403,1.799817597728179,2
-315.26153802440507,440.77712963121473,1.1996264013232576,2
-314.80332126008403,439.67060175455055,2.181779344216011,2
-314.2803457532675,438.64469309999834,1.6261426316650613,2
-314.4998826298417,437.8591242689914,1.0425633217464565,1
-313.9943532814976,436.79560284052417,1.180185828361573,1
-313.736972698625,435.88139945242114,1.6577238251729796,1
-313.6590084821104,434.95064902623324,1.1953782349946778,1
-313.42658054160955,433.7398014654139,1.3324872314324239,1
-313.37363884658015,432.87792832493494,1.4805635075845203,1
-313.04460105047264,431.8403229733516,1.6393246877805723,1
-312.88106272462164,430.9629811110705,1.0727109816580196,1
-312.4019346537048,429.8253385327886,1.4730388064590443,1
-312.46610938214656,428.8755410358884,2.0086651134906788,1
-312.01005021292116,427.912654649454,1.5018424020599923,1
-312.3634411605513,427.0545766988684,1.8977787447538503,1
-312.11071158532826,425.6502891066,2.128014249858097,1
-311.8710119976883,424.96631748682654,0.8385312701739167,1
-311.8895016727183,424.1853093846201,0.8046067968998614,1
-311.68666859906574,422.866578131967,1.3949843496866379,1
-311.5550561250685,421.88565610640654,1.5346282389909902,0
-311.3297475590859,420.9043640625555,1.18610199079194,0
-311.44792515335763,419.90526452630576,1.4450666901420846,0
-311.6289334957962,418.9597210219688,1.2286539017359246,3
-311.75431960391046,418.0900804354552,1.6476785578151976,3
-311.7433753357248,416.99106096443495,1.8346677724930487,3
-311.71795734148856,415.9473941497825,1.6870360514139975,3
-311.44931228554634,414.859122545863,1.3075038149836473,3
-311.62412470554636,414.0152920227437,1.4238852629159737,2
-311.6175248794382,412.89967714150396,1.5099500110291046,2
-311.83292608582167,412.0128384912646,1.4523177806158856,2
-311.7282842041109,410.80616013550986,1.9069479310046518,2
-311.76708513109025,409.91550453816836,1.4411176099520162,1
-311.90487727258295,408.8914709023837,1.4475555417657233,1
-312.12656399819195,407.78109374626075,1.7907865938677787,1
-312.1011089497986,406.7902929928403,2.063096825507273,1
-312.200673455425,406.00189211163956,1.5060085734894528,1
-312.5762157977594,405.03192101906825,2.39538865173472,1
-312.30253084798983,403.87238227406397,1.3566989206210565,1
-312.61577191488334,402.9190678217634,1.2815636587965855,1
-312.712404155987,401.8880980243941,1.6035009138631722,0
-313.2100768092195,401.0429182748968,1.4426882030866182,0
-313.32465105774685,400.1050443633234,1.463139380281973,0
-312.96612478111234,399.08892123391774,1.93450867325555,0
-313.5568202759682,398.04151598879736,1.7728145956161825,0
-313.8539141139435,397.00444070049883,1.9169178751662912,0
-313.9994330319156,396.1396533790419,2.4546287661114548,0
-314.0306939857464,395.3249159522232,1.7147346107385601,1
-314.3013372966723,394.1679655039066,1.78321786089964,1
-314.5642867601356,393.2832096354596,1.349758831363033,1
-314.6217970369679,392.45874145971266,0.8885121571456693,1
-315.24117708280465,391.4592778918342,1.9863049418127048,1
-315.21314319029483,390.62446359824247,1.2755563274486121,2
-315.5703247462931,389.6720305133284,1.5997937752399594,1
-315.62178657435106,388.7626264418843,1.0832177247657455,1
-316.22598406361806,387.9204548247212,2.125247429207775,1
-316.1440815182543,387.057937120867,1.3891951627801973,1
-316.2236606242926,386.1382393922884,1.3429172817359358,1
-316.79255987944174,385.33253202218054,1.2747113338309646,1
-316.7821147152671,384.6689525547949,1.8560964086009335,2
-316.65043783127027,383.7960432448922,1.3750451388350484,2
-317.3029926520205,383.29444402400117,1.5313963762673666,2
-317.5863694005065,382.4587366278631,1.6623303735177615,2
-317.57789980299174,381.72859230029565,1.4067962052849907,1
-318.1602878030485,381.19607647345316,2.1854816058594224,1
-318.2149138157505,380.32835217374736,2.3421560768556446,3
-318.20826765336517,379.7620789549815,1.261308982695482,3
-318.6813575456688,379.06163039622544,1.5056308024450118,3
-318.65279473374756,378.4812387405602,1.4476387691743184,3
-319.1677225441908,377.6135788671991,1.9324050914724467,3
-318.98798216080706,377.230942665127,1.8796492811015924,3
-319.27439102415974,376.6172677673141,2.2272222091933145,3
-319.3911440736975,375.87739500465636,2.1114167788832674,3
-319.06030949195866,375.13554327356553,1.6816993433185417,3
-319.697901740311,374.56161761957196,1.5990808103397285,2
-319.57139132247323,373.76117386083433,2.249820646277385,2
-319.69486028086646,373.2418100047175,2.267539314968417,2
-319.55400322958616,372.7964282249145,2.5100390500037975,2
-319.32199582814224,371.9176052712622,1.9229854518475804,2
-319.77430938285886,371.33785864708216,2.4425272873900212,2
-319.2219028755176,370.8509912869573,1.8285044390131588,2
-318.99944309482726,370.1347491249855,1.9052858064619613,2
-319.26122716648825,369.4275639188479,2.1902656351039695,2
-318.82016033679474,368.9398752820513,2.098904779871191,3
-318.8698161391206,368.3339782417486,1.9352448964386895,3
-318.5718773951684,367.64081524729835,2.1918830533008986,2
-318.1807539799289,367.07829148746225,1.909241282694893,2
-317.90255984570155,366.4195630221342,2.132271472872162,2
-317.4151599505277,365.82806861042786,2.113392342192128,3
-317.36855522191456,365.13718205813336,2.3141574687356297,3
-316.87379609811353,364.7051519268461,1.8986040526742727,3
-316.391304683223,364.21259361810803,2.120349894290939,3
-316.2233926289083,363.50686819744556,2.0359346695199747,2
-314.941021168425,363.01410621967136,2.2292546489256893,2
-314.8286551791125,362.6558401819606,2.3992723474607374,2
-314.4421497116816,362.0444354863238,1.3831308030376022,2
-314.307837497474,361.38824519801136,2.100496949970875,2
-313.6614334151292,360.9113830657807,1.2071288989563982,2
-313.1560592167316,360.3871099846086,2.117797234760019,2
-312.1746676963553,359.86014707535656,1.4174079574013376,2
-311.89884104304593,359.21135037322153,1.4416496542312416,2
-311.34668467885797,358.75570273876883,1.2303722496189948,3
-310.8089910723521,358.0707859219899,1.3973016261102202,3
-310.2230183784455,357.58342565970014,1.680303224022282,3
-309.61787776820677,356.80492653078295,1.867675102728299,3
-308.885092203226,356.34623393673496,1.8381488035597613,4
-308.2887668402957,355.71547695062895,1.2437405073219452,4
-307.77286703958936,355.2104815516336,1.9011373888256458,4
-306.87591265624457,354.43825660914155,1.2874823686206582,4
-306.0717549435539,353.816266073444,1.5414540023721202,3
-305.34980046511214,353.02075857280613,1.3630991424611238,3
-304.8355735017153,352.4389956803958,1.3031061694796335,3
-304.5622588471231,351.9559525151329,2.3804592887609033,3
-303.36024439652806,351.1216319823332,1.4617301366738502,3
-302.78123478889484,350.31375774670767,1.2863326035044338,3
-302.12449463101444,349.7126296794735,1.58331281979099,3
-301.4414315095059,349.0554118751213,1.3407522709226214,3
-300.5470707418817,348.3988780594952,1.382804602475062,3
-299.6762579857286,347.821110267903,2.56605214868614,5
-299.26654494323344,346.7940386132785,1.6322895844555205,5
-298.4914131215507,345.95787149355533,1.3379427041782037,5
-297.9173648438734,345.2818089099804,1.0384438714622775,5
-297.2203439189833,344.48557474932636,1.6950614242387019,3
-296.3192965361298,343.8906639781232,1.4178156009634222,5
-295.5156842827697,343.1772607241292,1.5331780306496512,5
-294.866137804729,342.2063274055976,1.0591161238035056,5
-294.23659396713043,341.4544793981684,1.2316511905082734,5
-293.1755369784433,340.7511306932966,1.4650110495090303,6
-292.8088854813579,339.91602541342854,1.9969432758866787,6
-291.8395628561094,338.9861574862247,2.01621923253515,6
-291.5839449003716,338.157984321287,1.425025734130486,6
-290.50113036606365,337.57749812829434,1.8270266720423933,4
-290.00824529200816,336.6256016294463,1.2043877404744308,4
-289.43562365911066,335.87611526065444,1.3649647657230162,4
-288.52541750544634,335.0006986214398,1.0188684359977742,4
-288.0958802628248,333.9896746599909,1.4477825971912353,7
-287.3691935928354,333.2776245764445,1.1842900491915316,7
-286.9727528907671,332.2198700357125,1.6713316633731665,7
-286.3748720972999,331.36384911145683,1.2523343883649432,7
-285.72980258026894,330.746555008725,1.7367349597825523,7
-285.086713481648,329.6632722115557,1.5175689749466983,3
-284.3936286748214,328.89887184553515,2.039671172603448,3
-284.08553995953764,327.8945388296241,1.7948665489011546,3
-283.4711992724452,326.92421394545323,1.1349504065237852,3
-283.07959959464705,326.08586619801275,1.8869805121930767,4
-282.41280065174755,324.94297329433783,1.3435341951762894,4
-281.84971446689593,324.1604349947436,1.8486820535595143,4
-281.49580284237874,323.0827685338379,1.3189020617987808,4
-281.14632919171606,321.9284490657844,1.455570006718517,2
-280.53081908744866,321.12488046877525,1.8889590542212318,2
-279.9770204875145,319.9595901346348,1.4410133424062224,2
-279.3044318559835,319.070099211031,1.743382638510866,2
-278.96527358213007,318.09314767042736,1.7388073569122753,2
-278.60487229609305,317.03532760664126,1.7525013132358254,3
-278.0313676919439,315.8935105726454,1.2349601059299857,3
-277.4530249498199,314.9796505243295,1.2405214038722079,3
-277.0162299069559,313.9534348628022,1.4793929332472544,3
-276.50801705919844,312.7799203178824,1.6585180703159494,3
-276.05486117285466,311.9279951311998,1.3922726866958328,3
-275.5312360659911,311.02291130222176,2.103158233015165,3
-275.0498208672885,309.84956496028116,1.597367663062414,3
-274.5037216014729,308.6960695010712,1.436540253390831,3
-273.9881058217112,307.6022541663836,1.5216276323699276,5
-273.40601760651043,306.8305990177548,2.2405297851719297,5
-273.04171718212484,305.71226765967276,1.77984401711592,5
-272.5304791558299,304.37899014414717,1.5946307324584268,5
-271.8186585600081,303.32599404023824,1.6566246142042473,4
-271.5884895538546,302.2659000747768,1.943052377382628,4
-270.93639783645347,301.11743139270897,1.4089191979105635,4
-270.44211134761883,300.0971828900434,1.391520444507023,4
-270.0466488976152,299.07374396412627,2.288082027141172,4
-269.062143983066,297.9445990013238,2.151326540246828,5
-268.76634106097885,296.7707782005944,1.623466852520778,5
-268.19844820811204,295.51837625502964,2.031626336143745,5
-267.7446821599524,294.48964023243207,1.7300152808093117,5
-267.07232905092826,293.27935108214587,1.5325805079692145,5
-266.5300623554194,292.17880066844543,1.3219977179596754,5
-265.96216153567514,291.0997407059292,1.6534199776183414,5
-265.4061597849812,290.0611217521328,2.0564979307087015,5
-264.70410193280344,289.0945937112539,1.9539740337013427,5
-263.99340451679655,287.7803908620296,1.7122626579639473,5
-263.40390437937657,286.728729504024,1.1970263547259492,5
-262.69861660614157,285.7899563260089,1.3085012195565469,5
-262.19559859887704,284.29577583609415,2.1540020112424827,5
-260.8606145511998,283.5556140053848,-0.2593962960158933,2
-260.6639696216315,282.08372638466176,1.2567728859253293,2
-259.83383890488875,281.1625926431136,0.6920404213265101,2
-259.3413433330973,279.9663656583942,1.0446900840511262,2
-258.186670715247,279.0280220598416,-0.2258160763012711,0
-257.773994151298,278.09320082934624,1.4029597398471196,3
-257.49164144273186,276.5439843613784,1.7540324679207515,3
-256.37358847185334,275.6312083676804,0.8887505708821664,3
-255.8195249380731,274.6800518425743,0.3937038761846452,1
-255.4077838729627,273.20495969763925,1.7630736594642258,1
-253.7402675985281,272.5533947163014,-0.6280545710042134,1
-253.60402575007996,271.170944541535,0.9971662342118179,1
-252.51891657694014,267.9580479892359,-1.9217065878915491,1
-252.16539149994358,268.85640459106105,0.8056120066516996,0
-251.48072838366704,267.613796493534,0.7645245171693205,0
-250.67900316520894,266.6387469108864,0.27843018554176524,0
-249.74327926067298,265.61555980311635,-0.18194617611470676,0
-249.28619135002467,264.37317497996065,1.0847333884489672,0
-248.54833766495443,263.0342016742332,0.5777688110410963,0
-247.92598263113103,262.0163594373526,0.7659552901582174,0
-247.25258680320883,260.6297128401682,1.5797678711801382,0
-246.3470974727358,259.8500801549758,1.434057627702714,0
-245.68928450406275,258.30814346148924,1.040840106466021,1
-244.96987987968595,257.30044158326723,1.1777280257069833,1
-244.23072757805448,255.95798770500397,1.3921485440901051,2
-243.27492688373061,254.8621030910736,1.5002492604103281,2
-242.63570098895687,253.74909260561003,0.7825555161543889,3
-241.9381188994867,252.90611072914598,1.4940146155129241,3
-241.05204273064214,251.36156953053776,1.2204331131515573,3
-240.4233065927311,250.1825333756204,0.7803489298078148,3
-239.67426789702174,248.9902005775228,1.4051577605750936,3
-238.83059372050673,247.77218210098448,0.8548118475987394,3
-238.11687667070478,246.70628230761963,0.9830219933264743,3
-237.2201275804155,245.50184158539875,1.215101907294411,3
-236.60327160842817,244.32085884175362,1.597095286880176,3
-235.77139808900242,242.52501174827586,0.6225020758608935,3
-234.98711977502506,241.99763022838397,1.64037376878332,4
-234.16791052136443,240.49090803092977,0.332721256459763,4
-233.12533798886452,239.4828536912213,1.9191429645691187,4
-232.60815599874752,237.9846326990948,0.7450108220793936,3
-231.56932153458436,237.05753283962306,1.496470430245381,5
-230.87003141877008,235.7449268839923,0.962002695846877,5
-230.0642714063291,234.4142664403531,0.9162817444771463,5
-229.36479384132483,233.35024962689317,0.7086821228645022,5
-228.2574430975259,232.14233226367355,1.0286867276313387,5
-227.53171234422044,230.88839892338058,1.0164899702801904,6
-226.43227743751078,229.91197680310327,1.4521394915889232,6
-225.93810595262116,228.3176784269794,0.15272611726732066,6
-225.13900985812512,227.24803058933733,1.076442991247177,6
-224.1612040047669,225.95933203535697,1.0820553751329953,6
-223.399790552324,224.71449974823074,0.9102606186245339,5
-222.60813445015282,223.41973504846527,0.5018004256598942,5
-221.8877131093143,222.4823439592747,0.11843100302075982,5
-221.18567618023584,221.06424787776447,-0.004075664460515327,5
-220.0211317256047,219.86741590743358,0.45619355182884647,5
-219.27118823950832,218.6180738655078,0.4617129128182569,4
-218.4165196736684,217.59245776458314,0.4622300803594044,4
-217.61403960885247,216.26112499601786,0.14804369447574572,4
-216.64978794830537,215.20753749313258,0.6148801689842003,4
-215.9821103804784,213.89409633185699,0.8598055725212816,5
-214.99184276146897,212.5972355605056,1.2519791170427652,4
-214.40101951008882,211.342576038105,0.5270633596062453,4
-213.3674674090113,210.22583335894154,1.0739565460980884,4
-212.78926965018655,209.06431918547193,0.18230554317187853,4
-211.9570906460081,207.7230924962717,0.86064253792415,3
-210.97714821273175,206.60072033681985,0.5509099651162614,3
-210.22808284594635,205.35476490268198,0.056049744268193535,3
-209.50263199495993,203.8919798680018,0.26014496409243293,3
-208.58793953779804,202.92444539361082,0.30662243835445224,5
-207.92997862703703,201.68085099121092,1.4300345819265203,3
-206.96548082219442,200.44356262002918,0.8127297376661318,3
-206.29558105469627,199.13657530973444,0.28070223561576313,3
-205.62387462019458,197.89556043010785,0.07919832775814939,4
-204.65873641460422,196.69188960309674,0.11715055202125768,4
-204.07146915736752,195.31957351438788,0.8637957217447365,4
-203.16122836521532,194.18457686561354,0.7261369709997325,6
-202.6076618463916,192.93357947861242,0.15605225954618618,6
-201.73595860581344,191.72399543083895,0.8089418457195734,6
-201.0202511847627,190.51225467196494,0.7491179778569403,6
-200.33016702333384,189.10533239314438,0.04809781684866721,3
-199.69228368807083,187.86766305743163,0.4918219437388416,3
-198.96410057443194,186.57555101118427,-0.14916261493226557,3
-198.24601955161282,185.34915071421298,0.45537198252554845,6
-197.49896852809104,183.98547445978227,-0.3148063684409408,7
-196.84520472958988,182.7702659780648,0.11206031425740548,7
-196.13460462555398,181.45489935941296,0.031103515226504896,4
-195.4573185658714,180.3717321213687,-0.014049333595949065,4
-194.75603510614235,179.09132444731753,-0.2760399441995105,4
-194.26445267021134,177.74956827888212,0.08739683824387612,6
-193.52262962899428,176.15033299530137,0.6015607074232321,6
-192.94024934958333,174.75957273248446,1.8407035707580235,6
-192.26904870685505,173.8676601019177,0.40489690629510733,4
-191.4746602784318,172.60793176886057,0.3457244177357097,4
-190.90417817976825,171.2163564203061,-0.02066855297789516,4
-190.2794480735513,169.9470867716151,0.43818866303558934,7
-189.70851256527487,168.46100040936403,0.15945330869544705,6
-189.07341755818734,167.28527102207013,0.7319717117763958,6
-188.43015345781274,165.96560786239323,0.7551265244603655,6
-187.92316013537533,164.751917454499,0.5416492877272958,6
-187.22781800268834,163.31677433266125,0.19616122861748408,6
-186.77938902721633,161.97230057031246,0.9191539245115337,6
-185.78969755945658,160.74983128662035,0.4622844541121367,6
-185.35351826702527,159.3877855629122,-0.4932769880505248,6
-184.68906475164198,157.86030094766727,1.1535391256996945,8
-184.07347167940065,156.79828828673507,0.707788946459118,8
-183.47281468302467,155.373988181826,0.01743088023067685,5
-182.775686128477,154.1511667156133,-0.5025439605304882,7
-182.31684110648746,152.81541576714866,-0.23017071121239496,7
-181.61165305537244,151.584927648887,0.00897799387894338,6
-181.06233688932127,150.27675212215445,0.11482429895397672,6
-180.56767505769045,148.81296073063396,-0.4377747590145873,6
-179.80606412146923,147.57554917387495,-0.021731969827669673,6
-179.54324055110467,146.2694025645461,0.2710956241265876,6
-178.5007718651187,144.98688503606482,0.40259743321848873,8
-178.1396500130878,143.59574655659617,-0.014153628393955842,8
-177.5514196198338,142.27751710569567,-0.2538696114106642,6
-177.16270511955986,140.91696447946197,-0.5712214120158023,6
-176.2112518394255,139.51442282395843,0.0924769353849797,6
-175.60712872385386,138.11351907874706,0.37085507034578313,6
-175.00047350251668,136.97594529212537,0.03237854213546143,6
-174.72890743049226,135.620955571008,-0.6094223609956089,6
-173.9744015629429,134.239246674646,0.1778494102852619,6
-173.43448578222032,132.9938446744002,-0.285763543424423,7
-172.91983297601436,131.7495693013087,-0.34382070488584304,7
-172.13088201428354,130.4644195195607,-0.18265013989832823,7
-171.46006952107345,129.10988861234688,-0.24370312323867438,7
-170.71480896680967,127.91706369960217,-0.3651227446038092,7
-170.23073002055557,126.75472383110882,0.31148745113273435,7
-169.18928133393786,125.22541178419006,0.88246558432661,7
-168.63942523952184,124.07672676977083,0.17233511588256079,7
-167.94076058770895,123.03138734334686,-0.239671584997609,7
-167.31991371031975,121.57189376913907,0.7575485213166075,7
-166.5172261265366,120.45355106676435,-0.4913445567533472,5
-165.43614925032267,119.3073304165049,-0.19965809248253663,5
-164.80820164621113,118.10473364827192,-0.7135589363906547,5
-163.96069213213485,116.7950168564958,-0.5566926385910165,5
-163.3963546894184,115.53095305456623,-0.19560047915683754,6
-162.4567419586494,114.48734209020148,-0.6249255517942629,6
-161.72117051434438,113.21767495395225,-0.5457108084992797,4
-161.01877360820677,112.22945860918507,-0.2580041714999197,4
-160.09341525617424,111.00780246820153,-0.2725857205986131,6
-159.2184595778645,109.86144471350758,0.45091874671129517,6
-158.18910813253905,108.77941265645025,-0.573700632287796,6
-157.29065053648108,107.68988737549508,-0.7715762477572525,6
-156.7447755069108,106.4559278945597,-0.08361108385486204,5
-155.68388021402785,105.30717587473613,-0.31400012522965426,5
-154.83049689687977,104.33858465202823,-0.11318078106489793,5
-153.8081853658888,103.16914589480216,-0.4992118877512439,5
-153.12884483082607,102.08525529514814,-0.9423087379337858,5
-152.2220298724381,100.88425062517915,-1.0453733335702964,5
-151.03984037788234,99.8185367138894,-0.36567261649076954,5
-150.5599793993562,98.73419065671861,-0.3414016745692834,5
-149.40421624166964,97.63435441779752,-0.9351045299478074,5
-148.58904489483348,96.54922387606094,-0.29789536075941214,7
-147.71651261309694,95.73834361100437,0.8900858516553853,7
-146.65646580235045,94.43866174238299,-0.9534613877921743,7
-145.33325808301046,93.53809038104478,-0.847386739847309,7
-144.5726260117449,92.22599828605154,-0.2931426730231692,5
-143.62891363205526,91.24271186386713,-0.5977011760201663,5
-142.47278390626,90.39027359410026,-0.2292621227089171,5
-141.657071904191,89.30647335259508,-0.7029103965812169,5
-140.19324810486,88.07150339241832,-0.8769768980322965,7
-139.75777357543978,87.27772798003231,-0.11571671385905802,7
-138.79151673610716,86.00495766180562,-0.8464632184501397,7
-137.67481364097102,85.00891663094411,-1.1586644161169488,7
-136.563592895188,83.97832727105633,-1.2249118055586337,7
-135.72212210189608,82.84288186340477,-1.1720263779773177,6
-134.64697126317688,81.99120736597659,-1.0238872327905142,6
-133.61060318734357,80.83675118739241,-1.388070858602191,6
-132.5759196103173,79.71470225881588,-1.3644236483324903,6
-131.8786377496704,78.58723797399743,-1.2502752835751494,6
-130.86285984099342,77.5903321892708,-1.0430443406204972,5
-129.3464605735171,76.66803641142378,-0.9835307903502439,5
-128.78094475005813,75.30926226370964,-2.252057110676276,5
-127.65132571112076,74.40264284554439,-1.2356607452011872,5
-126.65697218668758,73.35528590575925,-1.2937176627593772,5
-125.43808315082839,72.30193419607272,-1.2013978742116365,5
-124.70064620674421,71.19764545763611,-1.8887678563671102,6
-123.33824601296098,70.19963376389931,-1.4338531766986762,6
-122.73778806212918,69.01233735878589,-1.837765101029845,6
-121.41279708943428,68.20597905830101,-1.1573878735122207,6
-120.57898134495865,66.94038060106662,-1.5676364674483807,6
-119.549009596912,65.90214993146631,-1.7669484918762919,3
-118.52559156510853,64.77120735631624,-1.5821809086911003,3
-117.53762543459267,63.75421679810069,-1.636774304549533,3
-116.47916627307309,62.66147581383505,-1.9965951944290055,3
-115.57686272024867,61.50031172310528,-1.7523791735611098,3
-114.36774919397263,60.58323733495094,-1.9176072298369604,3
-113.30428540813823,59.5653942117143,-1.8318049898779805,8
-112.27536657319256,58.52130514947877,-1.8261282757196113,8
-111.06534867155008,57.435951535956484,-1.7946319944834954,8
-110.32754314743207,56.21732027421042,-0.9670606607214722,8
-109.26357288573601,55.320956569967656,-1.6758330434759046,8
-108.32243869486062,54.22611725661159,-1.5368666404006888,5
-106.9047230117384,53.10470385124397,-1.4851654269604069,4
-105.97128361081847,52.19860447914682,-1.7855528147607345,4
-104.56287026684582,51.05457248173814,-1.3794081938020497,4
-103.79240166973491,49.99124241770466,-2.1370507428208043,4
-102.87695563016877,48.77115032268912,-1.8284061865820433,6
-101.74353480214042,47.82625861294928,-2.3533990272322,6
-100.83782527003743,46.710263448603634,-2.6186443146771126,6
-99.61794392843755,45.69754943068863,-2.1073654032227864,6
-98.54863022320417,44.57949059221775,-2.1304077337887293,6
-97.58687135215438,43.6450265927207,-2.1852114450510385,6
-96.4087944718843,42.66929852530911,-2.260483413170789,6
-95.39793861140882,41.588929141573814,-2.2406484692049276,7
-94.21444216168062,40.45077590159878,-2.3531765276588317,7
-93.41418130223671,39.4333153416192,-2.1241807992752797,7
-92.05668733424032,38.337454138334444,-2.612733913639147,4
-91.08346355300618,37.39844811799894,-2.0246896703126254,4
-90.04231392713898,36.131325975720195,-2.467118616100265,4
-89.09645857323888,35.364788939345864,-1.9421830871428654,4
-87.99816835302792,33.99602305810362,-2.8230395053055872,4
-87.14037084638404,33.04572167989817,-2.1008603230226583,7
-85.92392170139854,31.902082417359708,-2.7152728266411827,7
-84.66854101307847,30.9012273855048,-2.710852633307212,7
-83.77310584878916,29.675314373979294,-2.922565065248392,7
-82.89158092091706,28.739718570513006,-2.8808058672969423,7
-81.66772594795552,27.588635929666026,-3.23668584134451,5
-80.80900457892515,27.03133318761176,-1.355853427657138,5
-79.73407397434431,25.50055125972599,-2.993998419771316,7
-78.71093744306297,24.706086276352117,-2.349205727077887,7
-77.4693044537419,23.438183739581017,-2.953134760433443,7
-76.65740493943888,22.27322670153149,-2.8475635255525162,5
-75.5020201315126,21.06724746132487,-2.942545814746012,5
-74.43752370392905,20.168429531208787,-2.6846039425140162,5
-73.51276385531862,19.234471510285175,-3.0149133778395196,8
-72.45709810350478,18.319608394689247,-2.9528913905815273,8
-71.19706587934257,16.745208599567245,-3.061634618277111,8
-70.39877280940367,16.117224778714753,-2.1404649769543056,5
-69.147009493534,14.646455912117869,-2.8655655345101394,5
-68.3799735343348,13.840064411841333,-3.011378631307082,7
-67.22931312608759,12.631688282176729,-3.154305054508683,7
-66.24684759737973,11.579614850470437,-3.306210568032995,5
-65.04467258288251,10.548185235554186,-2.809686255307909,5
-63.980879598248336,9.419174800392646,-2.752327969636994,5
-63.045126834854315,8.474562311995891,-3.475977407549351,5
-61.94825381459404,7.223392936675515,-3.168517514962403,6
-60.95971131834519,6.602638879078391,-3.4126994554950727,5
-59.87965515954735,5.216107665834005,-3.761878777041481,5
-58.77424393242455,4.055943622698917,-3.462883521787063,5
-57.75169173643955,2.940021004796363,-3.6776720735114097,5
-56.83968051095165,1.854576092446547,-2.960997863751409,5
-55.8776524986535,0.7981469894608569,-3.567427194068898,6
-54.733429403509305,-0.01004687997060817,-3.8677555674838757,6
-53.75359846264637,-1.4055159805318647,-3.6907817132839824,6
-52.79327226994112,-2.2859111895928423,-3.7665025647482153,6
-51.64542340998754,-3.4983804625642594,-3.5771330621868103,3
-50.91790651521215,-4.4752480272983535,-3.39025116605017,3
-49.81836186651846,-5.693054614896974,-2.962534324089191,5
-48.78283658828191,-6.603629640842897,-3.8252021523676945,5
-47.86765517326873,-7.707175779952072,-3.851017324114089,4
-46.77935639452942,-8.767784855136922,-3.6541380465450786,4
-45.797589129163434,-9.89741094761663,-3.742418628481097,4
-44.79977748202777,-10.949166968373856,-3.3027050347976967,4
-43.97878495579344,-11.85627097198316,-3.037932075203031,4
-42.702159342075866,-13.189464847112761,-3.808791304659053,4
-41.82162867669041,-13.855103776990372,-4.160680091903984,4
-40.767769192571485,-14.915141278310022,-3.2260041601000893,4
-39.80318070720029,-16.094055609111727,-3.511164212336851,4
-38.79247367421741,-17.173562637157623,-3.5911458531442406,6
-37.98161865024068,-17.72100662607311,-3.4823315821965366,6
-37.02673235126015,-19.090512894319552,-3.4952215268654605,6
-36.30572256679557,-19.983200623023436,-3.687500915156516,6
-35.28793014735315,-21.072043327895088,-3.7199640832294314,4
-34.88484354367173,-21.863170931473096,-4.8310017221853805,4
-33.833308011764885,-22.96139509537112,-3.7251057134568946,4
-33.04907380492988,-23.283439196059728,-3.5538127795184167,4
-32.25803476982752,-24.83298784762023,-3.326191555622284,6
-31.444236506548823,-25.64043798476662,-3.576973911201499,6
-30.66066350774642,-26.628422863918935,-3.518438583310136,6
-29.904494787785513,-27.326861480110576,-3.9832378500333547,6
-29.23276957813056,-28.22315538236557,-4.159442900219812,4
-28.632433577004416,-29.256552878407888,-3.4459896324379855,4
-27.966855246610226,-29.685197317448644,-3.7390654163371444,5
-27.165661945302844,-31.00767374314962,-3.4048030585571745,5
-26.584398511166228,-31.55864178065395,-3.322899753145304,7
-26.02483630702371,-32.18967385547587,-3.7671123620997946,7
-25.55312336942023,-32.841009863478256,-3.0486771721649752,7
-24.79395186500019,-33.518146407928185,-3.6120512396536846,7
-24.044197696002204,-34.025742736636666,-3.1260959298954525,7
-23.672527518268318,-34.77188586469558,-3.2898718040626918,5
-23.06062275874001,-35.15690565232758,-3.629106087553115,5
-22.35289141368564,-35.66076574956996,-3.488358160694901,5
-21.97917585763188,-36.34394814775437,-3.302693286827683,5
-21.539327317143414,-36.82267664478318,-1.5174830537477249,3
-20.782289862554634,-37.10240751780218,-3.5159852947650947,3
-20.25405773337764,-37.200213738958055,-3.0843337312078525,3
-19.664711977320486,-37.28724694153747,-3.50201045919243,3
-18.97914163168093,-37.88214091413895,-3.4096381006678804,6
-18.448417095579796,-38.0878645140757,-3.3002013886629094,6
-18.015686325697146,-38.28577568832678,-3.1932281994392397,6
-17.243713796580227,-38.3526195588842,-3.0537240548742233,6
-16.949781909683043,-38.62146704818616,-2.63919538263729,6
-16.190248458308876,-38.571478311683755,-2.5788646828026636,4
-15.790211354713177,-38.5458967918489,-2.6741406641029997,4
-15.21606679867662,-38.71921813423458,-3.314776590955656,4
-14.741494987482236,-38.635967163728196,-3.1610003100987036,4
-14.181165095462308,-38.59823089439639,-3.405557227322838,4
-13.796264322838987,-38.79592720221779,-2.049579464749314,4
-13.088185200260193,-38.46056591439044,-2.8459913714695233,4
-12.637268854858247,-38.343166241797505,-2.951034135840498,4
-12.066371591765114,-37.93259817084059,-3.1301241458911164,5
-11.58399664359225,-37.81900302501021,-2.5945483454409626,5
-11.247641708725672,-37.834438492721354,-2.8586571087478987,5
-10.849412181060202,-37.38462844124512,-3.4405654048630723,5
-10.425520006068751,-36.993888566176224,-2.978472866430092,5
-9.824132672162557,-36.95029829750087,-2.9042770188104896,4
-9.73770938994194,-36.66454140462753,-2.572732287620717,4
-9.132417715963557,-36.19383523336995,-2.6867558137672987,4
-8.646920230812428,-38.16125401910636,-3.436763855571648,4
-8.231421137196978,-35.154220398738175,-3.0662573127964663,6
-7.982853275618514,-34.8828456217554,-2.8020977786492374,6
-7.744174003411828,-34.62460151970973,-2.864805165006068,6
-7.141819533079334,-33.81907764170152,-2.970012624947916,6
-6.967025907038484,-33.82498296678094,-2.398441711906983,4
-6.693723932816605,-33.02213046627485,-3.6380824681626187,4
-6.2804845916533525,-32.5587932582716,-3.083872572708902,4
-5.9332402473318595,-32.163420723458884,-2.647464114271127,4
-5.808380676855054,-31.20024841537956,-3.7530849752504416,4
-5.745437610788018,-30.945756463141254,-3.341671162263836,5
-5.495743181011094,-29.965782380091316,-3.0317839030290443,5
-5.171389543554617,-29.55456092980263,-3.1123207503468127,5
-5.183504066777513,-28.981164259953314,-2.8500185476624775,5
-4.830974444586966,-28.257824004771013,-2.764513171292325,5
-4.80539177559913,-27.420066582171096,-3.043769751303209,6
-4.573053734892831,-26.488889623134906,-3.3750968029011723,6
-4.448732918844312,-26.302810245143274,-2.045175299876405,6
-4.330152630389863,-25.364271479766927,-2.4032426717599407,6
-4.155217533019127,-24.782645921267616,-3.1042644084551814,6
-4.05062102806248,-24.17920103073426,-2.887788630345497,5
-4.042034412584803,-23.372214239511095,-2.696802549079175,5
-3.8505960939982264,-22.430647439776454,-2.552028501035627,5
-3.66975685921954,-21.792207195927986,-2.487047438066133,5
-3.5190666854521964,-20.900550347386606,-2.265594630935073,5
-3.449967681996357,-20.176936018131727,-2.453988045447825,5
-3.3602597168804222,-19.613980038736642,-2.687663864544354,4
-3.2773075354678247,-18.485021667134337,-2.490917626901635,4
-3.1764321092099324,-17.822975506351963,-2.8080681090323196,4
-2.980003730713329,-16.95605126202033,-2.296747864797336,4
-2.748655861727336,-16.30042472152691,-1.590719254182706,4
-2.7664732989715866,-15.138864235610843,-2.622780109423923,4
-2.767410613557365,-14.329850449272431,-2.145283213847352,4
-2.3776954942458635,-13.62449270393037,-2.1316758200572483,7
-2.503640237678823,-12.763432124846226,-2.0268700124847423,7
-2.176628546616137,-11.915728842522766,-2.008423950448918,7
-2.1348700237076885,-10.887734285955878,-2.1240527785422025,7
-2.090407662827745,-10.200061562088722,-2.418299950312475,7
-1.9985598981661175,-9.366752797609314,-2.2534533985793894,7
-1.7783384374982487,-8.380316823364288,-1.9038262761169567,7
-1.7972333572056793,-7.742748327678295,-2.439514198026374,5
-1.847584425438803,-7.0821643205650044,-1.3896214086685326,5
-1.4345304656159772,-6.251270250088247,-1.847191266360639,5
-1.4490786162240048,-5.493376383340317,-2.122712446137446,5
-1.379515353199104,-4.675256052965603,-1.6969436291581874,5
-1.304701856484286,-4.006237433093419,-2.082506593925245,7
-0.7868270539124051,-3.281132689247888,-1.4623345050683265,7
-0.9727500083756264,-2.5178919471622248,-2.1955995736819203,7
-0.747231168175453,-1.8185414179760289,-2.3233627384710624,7
-0.36643733015510305,-1.1417119289441466,-2.10341039975949,5
-0.4121825742859168,-0.24855469185992835,-1.9731104777570625,5
-0.3101827260668334,0.3683207524535272,-2.5879426357501902,5
-0.12851069324716405,1.107088330489313,-2.376765618108684,5
-0.010917525939542299,1.6897493133421435,-1.7599527603176386,5
0.2778460351863981,2.538171670624026,-1.4964797980970252,5
0.29545445784508373,3.460530367413707,-1.9610889370253044,5
0.5640907798906677,3.885336807619155,-1.9193332969217332,5
0.625595568826752,4.462130783356096,-1.6028638962670996,5
0.8626880013416162,5.113855534883485,-1.9886890351365087,5
0.9081740728591446,6.380098347565483,-1.460415247920317,5
1.2542737799424635,6.463159840632162,-1.9885332750317897,5
1.5733619139377901,7.284165470750171,-2.1705740373978504,5
1.8653105694205434,8.0956999958258,-2.6541104536565205,5
1.9187246360505796,8.708343611236433,-2.0466265228934386,5
2.2734851748178797,9.39159165928593,-2.3757350489519777,5
