x,y,z,Station1,Station2,Station3
-0.809666096213443,1.14259534356891,0.229685899164526,4,7,5
-0.829619071069303,1.43087228912522,0.233205544747355,4,7,5
-0.84556088862852,1.72368928894383,0.234874892314355,4,7,5
-0.859461226864035,2.0223043368302,0.234708163665743,4,7,5
-0.868903847296802,2.32836530843978,0.234133999280777,4,7,5
-0.872709137832123,2.64405901890647,0.232828559387196,4,7,5
-0.870330829448164,2.96756811634346,0.232874372776525,4,7,5
-0.856738405277832,3.30526472281182,0.236044031877773,4,7,5
-0.832050203766321,3.66006306141736,0.240708070198154,4,7,5
-0.798739016237242,4.01874582737048,0.243612208273728,4,7,5
-0.762607464711998,4.39028820856816,0.245092764876165,4,7,5
-0.720253913491285,4.77369797285721,0.245146164398465,4,7,5
-0.666475438540834,5.16469474546565,0.246250635846307,4,7,5
-0.594505393878199,5.56090807118039,0.249153568592338,4,7,5
-0.514162209338493,5.97057155914648,0.251758666530494,4,7,5
-0.427928418623276,6.39065466080521,0.254037488137084,4,7,5
-0.340290958196224,6.82468722069788,0.255980864008505,4,7,5
-0.251437723130086,7.26905973295879,0.257010649589476,4,7,5
-0.154429529113469,7.72777464454085,0.257508664878735,4,7,5
-0.0474571771405542,8.19793197647361,0.259203858672672,4,7,5
0.0627808957383684,8.6883521102685,0.26177312514242,4,7,5
0.172392202223618,9.18116273327265,0.265980394221134,4,7,5
0.285864522224359,9.69415626598258,0.27136022497546,4,7,5
0.413674548768915,10.2147025270136,0.277105755477786,4,7,5
0.55618541692718,10.7458510028745,0.285958325018147,4,7,5
0.702434052958254,11.2868328291451,0.300811681126716,4,7,5
0.844572562052187,11.8372961151205,0.321719225083355,4,7,5
0.992473652022615,12.3987421946568,0.340277594669852,4,7,5
1.15216872559198,12.9660873058685,0.356908952206438,4,7,5
1.3253741803156,13.5474364717488,0.375847958274864,4,7,5
1.50242005498738,14.1371799465692,0.395500626754837,4,7,5
1.68901880865797,14.7389273509664,0.413971171061261,4,7,5
1.88205707171386,15.3517351949698,0.430737741674725,4,7,5
2.08359469482976,15.975892783003,0.456313749594232,4,7,5
2.29210674634221,16.6110056557053,0.486482142101355,4,7,5
2.50790682947186,17.2581854616515,0.526690525693747,4,7,5
2.74547386692378,17.9282768265581,0.576079877024465,4,7,5
2.98069606542793,18.5747945841806,0.631230371361594,4,7,5
3.23141595214871,19.2470860494032,0.692068621451825,4,7,5
3.49000521075248,19.9340911664131,0.755874387931409,4,7,5
3.75384182893387,20.6304813732012,0.823184398911528,4,7,5
4.02137644735613,21.3405648411305,0.895154437501759,4,7,5
4.29655510001711,22.0572060962977,0.966830695973264,4,7,5
4.58314056633511,22.7879903278251,1.03837762879215,4,7,5
4.87703314678915,23.5223703126652,1.11119699439885,4,7,5
5.20086562726659,24.2737935442233,1.19164547312685,4,7,5
5.52377781373436,25.0109198617135,1.26511157294781,4,7,5
5.86565520161854,25.7618786175916,1.34004771827289,4,7,5
6.20985528289155,26.5165446379123,1.40785797750747,4,7,5
6.56610690298734,27.2782520868444,1.47394640413816,4,7,5
6.93006302795017,28.0448438501101,1.53722890968429,4,7,5
7.30973759252247,28.8185362476493,1.60215840797187,4,7,5
7.69366653823333,29.5982025709307,1.66499526997359,4,7,5
8.09238278089249,30.3896791243566,1.72621159941832,4,7,5
8.50366169785938,31.1870054506929,1.78284236133642,4,7,5
8.92392767586363,31.9904930613347,1.83919557754228,4,7,5
9.35435193850214,32.8001216569769,1.89208387796084,4,7,5
9.79553378270898,33.6159667477056,1.94024817189256,4,7,5
10.2503950486879,34.4395723504464,1.98769253655992,4,7,5
10.7135565820223,35.2732617414183,2.03535398176505,4,7,5
11.1886064810363,36.1167605614667,2.08403060505207,4,7,5
11.6701099359898,36.9627645811409,2.13136536300138,4,7,5
12.1647113199611,37.838898902805,2.18227431122005,4,7,5
12.6648844014432,38.7315915623827,2.23456416274311,4,7,5
13.1655975861065,39.6305954452343,2.28878182862338,4,7,5
13.6751215996018,40.5395293803426,2.34139226116203,4,7,5
14.1980840617601,41.4539452389885,2.39273045407645,4,7,5
14.729326593385,42.3744619582374,2.4447308187424,4,7,5
15.266654158577,43.2979791034846,2.49675382201256,4,7,5
15.8093068692368,44.2204527394861,2.54838399860128,4,7,5
16.3536024234403,45.1392387243729,2.59832497376448,4,7,5
16.9053993332328,46.0521190650419,2.64725948232662,4,7,5
17.4641299656343,46.9574984544298,2.69472534595702,4,7,5
18.0412597510407,47.8647115804113,2.74251169525624,4,7,5
18.638627869571,48.7588309626835,2.78558797259795,4,7,5
19.2535591043524,49.6449215582977,2.82458503661864,4,7,5
19.8689510945533,50.5253527479087,2.86497527663614,4,7,5
20.4963488215346,51.3864525534774,2.90253901181114,4,7,5
21.1187223010767,52.2455454096885,2.94585465907335,4,7,5
21.746475509682,53.0969689030876,2.99202517643031,4,7,5
22.3774301775732,53.9568570678381,3.03932830689473,7,4,8
23.0164934892827,54.8149424506815,3.09003091487629,7,4,8
23.6619714745984,55.6753673676909,3.13670807058172,7,4,8
24.3106300838448,56.5327840529675,3.17566552068102,7,4,8
24.9639474424725,57.3868606570422,3.20723092700635,7,4,8
25.6217330765116,58.241220219532,3.24320300039461,7,4,8
26.2865897955627,59.0834348093891,3.27696874124959,7,4,8
26.9643374097935,59.9303158835577,3.31426052333748,7,4,8
27.6456204412114,60.7588826988198,3.35602107551572,7,4,8
28.3350307635125,61.5917162613438,3.40344476401466,7,4,8
29.0353433413213,62.4189420619905,3.45073119873568,7,4,8
29.7432634579162,63.2475354832756,3.49716601047935,7,4,8
30.4601652563717,64.070535365049,3.54431922253546,7,4,8
31.1847111474376,64.8905983555724,3.59333476413105,7,4,8
31.9278678307234,65.7169372183807,3.64340214996486,7,4,8
32.6752114909041,66.5345417801733,3.69276831571228,7,4,8
33.4208928935515,67.3358088275786,3.74311565061461,7,4,8
34.1961829541453,68.1335323733206,3.79903426312071,7,4,8
34.9790333202408,68.9272418219988,3.8546222327552,7,4,8
35.7808911873774,69.7154046541319,3.91719712727671,7,4,8
36.5887917575369,70.5034744187296,3.97550785218279,7,4,8
37.413279722418,71.289548233169,4.03776085485988,7,4,8
38.2345446773133,72.077220723719,4.1013196779282,7,4,8
39.0647267500989,72.8607303410187,4.16794576359089,7,4,8
39.9012992163533,73.6419235347886,4.23199012864923,7,4,8
40.7464228140852,74.4215171718184,4.29740848657356,7,4,8
41.6045486107142,75.1973685154657,4.3618509436328,7,4,8
42.4757378877994,75.9674998514567,4.42373109189441,7,4,8
43.3488936433413,76.7421678244397,4.49414524640816,7,4,8
44.2271762704887,77.5130673218387,4.55681692337997,7,4,8
45.1109488627428,78.2778823404817,4.61913399793016,7,4,8
46.0087485214053,79.0480543829328,4.68123649735862,7,4,8
46.9143094811284,79.81822965871,4.74170266486926,7,4,8
47.8230691922616,80.5862287240112,4.80276213979026,7,4,8
48.740033075234,81.3479888962964,4.87044540508679,7,4,8
49.6675874616565,82.1126538067815,4.94382265290282,7,8,4
50.5969670653814,82.8708251878071,5.02051547906373,7,8,4
51.5398812421026,83.6235962441815,5.09534793914675,7,8,4
52.4984447783071,84.3700975139291,5.16956441985444,7,8,4
53.4728506310212,85.1048615725463,5.24283739499481,7,8,4
54.4586108761908,85.828298935785,5.31504996530327,7,8,4
55.4550341450585,86.5400304642331,5.38546805820131,7,8,4
56.461507640273,87.2439184427115,5.4569377195115,7,8,4
57.4795346574039,87.9390911544438,5.53273428021508,7,8,4
58.5046684096459,88.6279736844549,5.61124523458035,7,8,4
59.5436222711659,89.3070525498641,5.69133772918536,7,8,4
60.5945152976922,89.9713205429753,5.76740127822211,7,8,4
61.655459926466,90.6240599466455,5.84484139440282,7,8,4
62.7321154087625,91.2652152671218,5.92440875378112,7,8,4
63.8111475090851,91.8918827302354,6.00551734939828,7,8,4
64.9110447244609,92.5134930453382,6.0865096583572,7,8,4
66.0191527895007,93.1252531331349,6.16764250600314,7,8,4
67.1355146987731,93.7295699951752,6.24755960361479,7,8,4
68.2582394220945,94.3242773726251,6.32653178719938,7,8,4
69.3833625304069,94.9105624086242,6.40497630336395,7,8,4
70.515795595055,95.490968862886,6.48452807707971,7,8,4
71.6518857635967,96.0615700692795,6.56961849825176,7,8,4
72.7936607093261,96.6276460958533,6.65845440359648,7,8,4
73.9283237081759,97.183416166935,6.74788190155323,7,8,4
75.0712584006831,97.735686672623,6.83861866150132,7,8,4
76.2514446465529,98.3020333615151,6.92820061149565,7,8,4
77.3499578403923,98.822576924077,7.00874346135145,7,8,4
78.4836159328193,99.3542296863921,7.09064620576481,7,8,4
79.6143622314533,99.8811981302856,7.17031578290072,7,8,4
80.7446644806677,100.403234655964,7.24920321224943,7,8,4
81.8642791796878,100.922684788638,7.32051188346111,7,8,4
82.9666807748645,101.42459446776,7.3992112668851,7,8,4
84.0598124435221,101.920552094065,7.47805842196741,7,8,4
85.1533315878842,102.407328949988,7.5523749950529,7,8,4
86.2406059772175,102.882340049512,7.62112175231114,7,8,4
87.3164655775696,103.354519940671,7.6905796797668,7,8,4
88.3811304977828,103.817978406645,7.76144063995501,8,7,5
89.4407858233661,104.265567460725,7.8327725580967,8,7,5
90.4890546678215,104.707803790868,7.9035875593597,8,7,5
91.5277152823532,105.156610256954,7.97563436175768,8,7,5
92.5574798086515,105.610039374293,8.04635931578036,8,7,5
93.5799901480017,106.07735066097,8.1079321497407,8,7,5
94.5941612725096,106.551138283656,8.17147230603354,8,7,5
95.6003604063808,107.030227610194,8.23272846417987,8,7,5
96.5981299969938,107.51957548773,8.2948491153881,8,7,5
97.5874124764771,108.017230774628,8.3548411162713,8,7,5
98.564394401725,108.521305936045,8.41819007424741,8,7,5
99.5298736986314,109.038491265691,8.47864429790179,8,7,5
100.48138586418,109.574012885184,8.53696304623307,8,7,5
101.428905169273,110.124270643201,8.59023677170399,8,7,5
102.368191286256,110.687749448797,8.64220919194977,8,7,5
103.29543989598,111.26356481946,8.69268295507933,8,7,5
104.212922384503,111.844648014886,8.73250892968111,8,7,5
105.119251830764,112.435531002038,8.77482072973006,8,7,5
106.002992236561,113.028395202312,8.81525396796599,8,7,5
106.871167184396,113.629147406633,8.86206343733253,8,7,5
107.725784271205,114.238140723387,8.90723321822509,8,7,5
108.568410806062,114.849892588501,8.95814904876075,8,7,5
109.396482262517,115.469929896759,9.00387327698064,8,7,5
110.206847363615,116.08921119048,9.05284957407662,8,7,5
111.004739092854,116.713288331158,9.09788539432025,8,7,5
111.786744366224,117.3404887535,9.14545807375034,8,7,5
112.55317537642,117.972752050002,9.19210417249817,8,7,5
113.313395864169,118.602835871404,9.23815344446926,8,7,5
114.059931607293,119.235985531438,9.28402156751273,8,7,5
114.792679550507,119.871263064858,9.32746417078551,8,7,5
115.511338316554,120.508706867271,9.3706407212056,8,7,5
116.21830123417,121.146668829927,9.41145059621958,8,7,5
116.910578760372,121.787152502389,9.44920755811438,8,7,5
117.58080510676,122.416085834624,9.47766637330466,8,7,5
118.239147244336,123.048741184141,9.50975453823242,8,7,5
118.875436543529,123.670683939738,9.54060142159736,8,7,5
119.501249119315,124.297388083448,9.57193033952634,8,7,5
120.107885753786,124.928425686619,9.59956242955531,8,7,5
120.701586437667,125.572103102594,9.62562009666905,8,7,5
121.282101694871,126.218521873046,9.65021228951998,8,7,5
121.835162577807,126.85384446805,9.6729462096485,8,7,5
122.379588321769,127.50198897425,9.69431537660476,8,7,5
122.909841897121,128.155813018376,9.71613852678152,8,7,5
123.432843138763,128.819170447294,9.73770414655151,8,7,5
123.940664199619,129.486386552909,9.75822399111696,8,7,5
124.437838713216,130.164133035183,9.77730693148321,8,7,5
124.920464388828,130.852491877976,9.79860960637014,8,7,5
125.392608748519,131.544601334415,9.81977148862745,8,7,5
125.849481271531,132.243747492733,9.85025476258289,8,7,5
126.298305918674,132.951632109751,9.86884187647597,8,7,5
126.747017949853,133.676905572338,9.88658174640965,8,7,5
127.175735605294,134.382930488859,9.90165725997321,8,7,5
127.60416275513,135.111081915331,9.91799479198801,8,7,5
128.023336044025,135.847911406821,9.93025756730386,8,7,5
128.435382248588,136.598699786394,9.93789665489388,8,7,5
128.844243695242,137.351364935102,9.93737045296889,8,7,5
129.25877494591,138.11834394697,9.93918369877936,8,7,5
129.671577346594,138.899073552378,9.93747042690219,8,7,5
130.091541310706,139.692402288829,9.93768678890845,8,7,5
130.505031269256,140.490398485132,9.93405871714579,8,7,5
130.919290188545,141.30196375115,9.92871909082897,8,7,5
131.331142940672,142.131777949248,9.91951562077895,8,7,5
131.742964300683,142.975288254886,9.90994811118111,8,7,5
132.150959660768,143.833277629928,9.89790045158429,8,7,5
132.557722418351,144.704661802571,9.8850630694016,8,7,5
132.959754369088,145.589864836908,9.87181653941409,8,7,5
133.354565674489,146.490782166028,9.85714674242212,8,7,5
133.747143168845,147.405131910731,9.84359621899507,8,7,5
134.140779691538,148.351612564189,9.83186775671411,8,7,5
134.513720570958,149.279562352681,9.82415320550548,8,7,5
134.873263093249,150.248669685234,9.82135772505559,8,7,5
135.220092840023,151.23478387411,9.8150830852616,8,7,5
135.546036409412,152.243585436492,9.80759735313577,8,7,5
135.855816181175,153.258987016073,9.79531783984103,8,7,5
136.137619348423,154.299918420869,9.7880650554392,8,7,5
136.40162261739,155.360486844163,9.77758496567201,8,7,5
136.64258423425,156.432541057734,9.7652736679256,8,7,5
136.867962519246,157.526951683158,9.74563942909709,8,7,5
137.065233177239,158.639673837368,9.7241341354622,8,7,5
137.243462230396,159.763519162429,9.69830602185803,8,7,5
137.396983766941,160.905654950211,9.6703693525631,8,7,5
137.52427922684,162.061711128462,9.63581715071503,8,7,5
137.632768736022,163.236777927732,9.60205828824716,8,7,5
137.716360991763,164.432242346417,9.56653480313242,8,7,5
137.776387537974,165.634057251632,9.52700718226527,8,7,5
137.813843155236,166.86190165595,9.48821058315244,8,7,5
137.830271272706,168.084811961572,9.45301535338333,8,7,5
137.822183233282,169.324768994032,9.41907342781118,8,7,5
137.791122772252,170.570459214117,9.38614902463923,8,7,5
137.730293556575,171.82284101073,9.355661633992,8,7,5
137.646856183889,173.093519190298,9.32402706926579,8,7,5
137.537556898851,174.37261226413,9.29732294041887,8,7,5
137.398655116755,175.652836555936,9.28133212546962,8,7,5
137.238794809407,176.941585832336,9.26644244138694,8,7,5
137.049481129801,178.240807965465,9.25880608075235,8,7,5
136.84040308615,179.547797907502,9.25513496756194,8,7,5
136.604472717297,180.865672267777,9.26015201993212,8,7,5
136.346245920505,182.184816838285,9.26859361823426,8,7,5
136.057298890849,183.521263420093,9.28556125564021,8,7,5
135.741574716172,184.862456160459,9.30320079340416,8,7,5
135.399415513069,186.197357857198,9.32539156210773,8,7,5
135.036575119745,187.536287854364,9.34900050075902,8,7,5
134.652566733307,188.882409995104,9.37759377221108,8,7,5
134.246570687712,190.230586594159,9.40291741189072,8,7,5
133.812602838633,191.584393160592,9.42760689944177,8,7,5
133.346895884756,192.931025707045,9.4562992301139,8,7,5
132.853207591042,194.282296186873,9.49068527370486,8,5,7
132.332214611174,195.633837336165,9.53292038235434,8,5,7
131.7835433598,196.970954689375,9.58335538938269,8,5,7
131.203733725938,198.321667240691,9.64182941932504,8,5,7
130.587820357745,199.652673640701,9.70711799500296,8,5,7
129.937930243511,200.989020642103,9.77649421216388,8,5,7
129.249634099326,202.304941648133,9.85085553260274,8,5,7
128.520234170502,203.601297836711,9.9329859269628,8,5,7
127.74859272335,204.889466961954,10.0152891953643,8,5,7
126.939211019097,206.150753239435,10.1053586994383,8,5,7
126.093536003529,207.394436251634,10.2023367188272,8,5,7
125.213943590346,208.615479361436,10.3048206069836,8,5,7
124.294732826712,209.81427844126,10.4167505319708,8,5,7
123.347233516435,210.996324455551,10.5350094819708,8,5,7
122.366548540659,212.162019926421,10.6583072612162,8,5,7
121.354618309451,213.299004549635,10.7837958414265,8,5,7
120.320885943755,214.415937385646,10.9117633824139,8,5,7
119.257931359253,215.508973915691,11.0433209769898,8,5,7
118.170406919229,216.589045489589,11.1815653154089,8,5,7
117.061854897064,217.644526927268,11.3261672037076,8,5,7
115.925899258541,218.680592747071,11.4795745281843,8,5,7
114.77462776981,219.693311474536,11.631810719974,8,5,7
113.605549056417,220.684506232538,11.7834831310548,8,5,7
112.423890387166,221.63976993804,11.9358413978579,8,5,7
111.234384215702,222.565238011072,12.0864333784839,8,5,7
110.034176427608,223.450356339692,12.2372078253712,8,5,7
108.831101435936,224.30198490811,12.3880525443201,8,5,7
107.60759437766,225.12755309151,12.5413297362259,8,5,7
106.375473194531,225.910034146881,12.6932372641719,8,5,7
105.137601144715,226.661778142771,12.8415756651752,8,5,7
103.89433426212,227.374209728158,12.9879718946022,8,5,7
102.644859658194,228.044503785711,13.1307434474755,8,5,7
101.388527323509,228.682889866261,13.2713353711322,8,5,7
100.135089999905,229.281923535283,13.4100711194345,8,5,7
98.872259766426,229.842521512627,13.550177647215,8,5,7
97.6132453850043,230.370079234231,13.6893508946782,8,5,7
96.3537723490933,230.861379857947,13.8253827584875,8,5,7
95.095502658494,231.327493724621,13.9627758480027,8,5,7
93.8439632698335,231.761793110279,14.1015869246433,8,5,7
92.6082428306112,232.158832969001,14.2477456818464,8,5,7
91.3760152041275,232.533027968518,14.3983675758933,8,5,7
90.1445651169029,232.881740182967,14.5563163519687,8,5,7
88.91642699992,233.201404827594,14.7185740856853,8,5,7
87.6966626814776,233.495379010729,14.8782256546918,8,5,7
86.4799214578797,233.759937079709,15.0380916941358,8,5,7
85.2660986412349,233.997957649673,15.1968627712909,8,5,7
84.0563084639205,234.212114987835,15.353333738828,8,5,7
82.8539609879828,234.394729997095,15.5097982917794,8,5,7
81.662118045425,234.562302787851,15.6670066312328,8,5,7
80.4773608928559,234.704592174226,15.8216410335338,8,5,7
79.298997053296,234.821781359632,15.9783686082166,8,5,7
78.1244695814765,234.916368935451,16.1363349129418,8,5,7
76.9437585152509,234.993613332219,16.2901229216072,8,5,7
75.8150312442191,235.052254210632,16.4356807630567,8,5,7
74.6842872362275,235.09915974603,16.5786874134726,8,5,7
73.5686852161446,235.136272399149,16.7207809006237,8,5,7
72.4612931729482,235.167002396473,16.8604983227811,8,5,7
71.3704649223109,235.191130380573,17.0050098159947,8,5,7
70.2981435138606,235.207244792726,17.1542207219875,8,5,7
69.2284564043358,235.219570720362,17.2990573906728,8,5,7
68.1576560172998,235.225423908041,17.4452241136603,8,5,7
67.0911359507826,235.226112594515,17.5830605798283,8,5,7
66.0419486547202,235.225954833522,17.7115512222764,8,5,7
65.0053355005285,235.228185998866,17.8371986796541,8,5,7
63.9776974149344,235.231480770373,17.9633337774791,8,5,7
62.9588570113057,235.238676892745,18.0920882374944,8,5,7
61.9422524586328,235.249178155324,18.2217678015555,8,5,7
60.9344476579696,235.261185591119,18.3485168343211,8,5,7
59.9314400044445,235.280789594185,18.4763993301122,8,5,7
58.9358808221701,235.304167706018,18.604912208474,8,5,7
57.93626239187,235.331773711528,18.7338303268806,8,5,7
56.9393034987628,235.363264217055,18.8625837639828,8,5,7
55.9590282401385,235.399248480932,18.9899609016672,8,5,7
54.9778113002587,235.444488379918,19.114378893816,8,5,7
53.9962089955364,235.496852823858,19.2400551170511,8,5,7
53.01638069185,235.558120378474,19.3663504759673,8,5,7
52.0389327941607,235.625137193071,19.4903188040696,8,5,7
51.0648693487199,235.698696613387,19.6118571758086,8,5,7
50.1000898518614,235.779234048838,19.7347624799714,8,5,7
49.1380130857364,235.865570275144,19.8524796952685,8,5,7
48.1771213341357,235.957012716906,19.9708605373271,8,5,7
47.2182056564287,236.058095254792,20.092078378621,8,5,7
46.2639657021324,236.166359647724,20.2135365592121,8,5,7
45.3100608547866,236.279618968274,20.3347495914711,8,5,7
44.3589835901868,236.400587062254,20.4572329306734,8,5,7
43.4073393627931,236.527589877993,20.5756722272635,8,5,7
42.4609680631975,236.660825915762,20.6916880609901,8,5,7
41.5186496634732,236.798189246747,20.8045955266451,8,5,7
40.5790791636394,236.941253476021,20.9183074801351,8,5,7
39.6443625597976,237.091320730474,21.0335531307037,8,5,7
38.7144925424718,237.250432354408,21.1468770971834,8,5,7
37.7911290429671,237.418354642813,21.2567942162127,8,5,7
36.8719285473137,237.595080601837,21.3680638042433,8,5,7
35.9521288741661,237.779900442226,21.4787246550094,8,5,7
35.0289186537831,237.968526034354,21.5886882108148,8,5,7
34.1024349536152,238.158128374461,21.6963226478572,8,5,7
33.1700196284476,238.349578861298,21.805021876622,8,5,7
32.2317905133935,238.544481133941,21.9150186119904,8,5,7
31.2886047749161,238.740453097134,22.0276342876668,8,5,7
30.3424110675508,238.941179921475,22.142537148496,8,5,7
29.3924078348777,239.144480930455,22.260644067752,8,5,7
28.4412788056425,239.35714848521,22.3822307698689,8,5,7
27.4848496253253,239.571508102495,22.5017848812481,8,5,7
26.5295143709904,239.787343884816,22.6261051715645,8,5,7
25.5727188734691,240.008399995037,22.7452845999075,8,5,7
24.6150571785487,240.231585667453,22.8600664532713,8,5,7
23.6567750732062,240.461238483533,22.9785379728657,8,5,7
22.6958898981659,240.70219270396,23.0962246551204,8,5,7
21.7335027463557,240.95052695843,23.2122340611905,5,8,4
20.7919457264988,241.204859527901,23.3283343315111,5,8,4
19.8463262693146,241.472710908965,23.4442210356037,5,8,4
18.9019244833242,241.749823716798,23.5581200177941,5,8,4
17.9616021754846,242.045153874838,23.6740607053619,5,8,4
17.0280808187575,242.348421700177,23.7882698916471,5,8,4
16.0951108987396,242.663873872768,23.9016111623367,5,8,4
15.1678823497019,242.991484494172,24.0140882787177,5,8,4
14.2471534506058,243.325296012843,24.1284639002328,5,8,4
13.3274977245478,243.672036150386,24.2447096256225,5,8,4
12.4127934440711,244.024824121305,24.3592949610262,5,8,4
11.4990662225684,244.386777807333,24.4720740822171,5,8,4
10.5906428074239,244.757394300833,24.584148507568,5,8,4
9.6873162633836,245.136359644534,24.6946433401743,5,8,4
8.79053588502637,245.519858573778,24.8031246182401,5,8,6
7.89807330107631,245.911252664791,24.9125139191106,5,8,6
7.01172120585035,246.306660720429,25.0186180776124,5,8,6
6.13446949457855,246.710949332331,25.1261665619684,5,8,6
5.26364375972888,247.121063757847,25.2311992668347,5,8,6
4.40260364612152,247.534482441791,25.3334613779922,5,8,6
3.54204188410435,247.956261750479,25.4334806453859,5,8,6
2.68510209386279,248.39076798842,25.5301643311135,5,8,6
1.85309079587666,248.825674770935,25.6224664729883,5,8,6
1.01904711258159,249.269169881142,25.7134104052658,5,8,6
0.193902243787094,249.719657809612,25.8006200255207,5,8,6
-0.630899701331203,250.180182487184,25.8899887258668,5,8,6
-1.44255750635078,250.64297173992,25.9752565460808,5,8,6
-2.25202288562452,251.111197396345,26.0573924421162,5,8,6
-3.05069098566824,251.586757425075,26.1387798415491,5,8,6
-3.84831027732774,252.070602914017,26.2195462829346,5,8,6
-4.64352401759439,252.561620237094,26.29930160046,5,8,6
-5.43657251320097,253.06250528,26.3777095383841,5,8,6
-6.22652432096648,253.567328392263,26.4533617808362,5,8,6
-7.01737667975988,254.078717030115,26.526670948355,5,8,6
-7.7991477879738,254.615981929241,26.6068648921069,5,8,6
-8.57829327381213,255.168895008673,26.6905037050054,5,8,6
-9.3603162471856,255.7111037933,26.7672925353746,5,8,6
-10.1397245662509,256.257307536261,26.8445148562143,5,8,6
-10.9228895186042,256.795955364326,26.9174332216282,5,8,6
-11.7069997561816,257.337955633134,26.9931141175834,5,8,6
-12.501481126452,257.877474854738,27.066890487163,5,8,6
-13.2946178977031,258.416111056452,27.1420630047842,5,8,6
-14.0912508366026,258.954890211225,27.2128702072158,5,8,6
-14.8866437416878,259.496981425847,27.2788609199023,5,8,6
-15.6868152265588,260.042833126426,27.3411037904973,5,8,6
-16.4877078682506,260.590266008755,27.4020189951918,5,8,6
-17.2832983563109,261.131613626166,27.4595510483222,5,8,6
-18.0868174885063,261.679306799355,27.517369674804,5,8,6
-18.8960852554452,262.227560872459,27.5770653183107,5,8,6
-19.7130550763412,262.776890551242,27.6330671233785,5,8,6
-20.530223465337,263.328182866671,27.6868049436011,5,8,6
-21.347258190077,263.877830151214,27.7379605735555,5,8,6
-22.1638174188824,264.428574916134,27.7890977569243,5,8,6
-22.978738329711,264.978449101499,27.8365903271307,5,8,6
-23.7947540557401,265.529550793283,27.8853614150321,5,8,6
-24.607429728978,266.08229306292,27.9316162453699,5,8,6
-25.4149132975422,266.635178141126,27.9760416885793,5,8,6
-26.2208743341645,267.190213995667,28.0180110053704,5,8,6
-27.0256406216063,267.745683360124,28.0564331622807,5,8,6
-27.8344591448001,268.306553437488,28.0936602950096,5,8,6
-28.6337843395872,268.867964106189,28.1301841600474,5,8,6
-29.4277578531692,269.43696061925,28.1615211023952,5,8,6
-30.210511034909,270.012114660562,28.1936001400712,5,8,6
-31.0010717576562,270.601356762201,28.2225630686112,5,8,6
-31.7690135571799,271.179601182756,28.2466776207031,5,8,6
-32.5473067537697,271.773710008166,28.2713846342886,5,8,6
-33.3165228796008,272.372941417434,28.2941696632414,5,8,6
-34.0801394630685,272.975361437443,28.312043084762,5,8,6
-34.8451988155475,273.598841092211,28.3269353931482,5,8,6
-35.5909429163481,274.219438057158,28.3426694183162,5,8,6
-36.3497510278414,274.871188888354,28.357442758622,5,8,6
-37.0803579591164,275.512872132407,28.3707558981763,5,8,6
-37.8187638041027,276.178452504048,28.3813954335592,5,8,6
-38.5517860668839,276.854474378611,28.390089757968,5,8,6
-39.2838106557805,277.545418221669,28.3943691679353,5,8,6
-40.0105086144689,278.247515884842,28.3974012641919,5,8,6
-40.7350403585185,278.964114879582,28.3951562527808,5,8,6
-41.4516894046523,279.684826155433,28.3900456138944,5,8,6
-42.1652266560105,280.422904622041,28.3779092598705,5,8,6
-42.8724629171557,281.175148554813,28.3654649053582,5,8,6
-43.5683164934005,281.937599298654,28.3508031449553,5,8,6
-44.2560485199284,282.718190518344,28.3348665029822,5,8,6
-44.9348008728263,283.509948143716,28.3136340764668,5,8,6
-45.605483306758,284.317096820096,28.2882432816323,5,8,6
-46.2704665347479,285.133895437287,28.2615010863916,5,8,6
-46.923476282374,285.967329343315,28.2343223075309,5,8,6
-47.5669085853474,286.808326397803,28.2077205376878,5,8,6
-48.2016258301457,287.665593913549,28.1759356396005,5,8,6
-48.8282487432889,288.531835378488,28.1449127290254,5,8,6
-49.4485092724006,289.408318441751,28.1122386911738,5,8,6
-50.0656595985155,290.293118864938,28.0814148293977,5,8,6
-50.677223758145,291.186857589227,28.0485315482114,5,8,6
-51.2819016690265,292.095411626336,28.0125691347321,5,8,6
-51.8777488016395,293.009670608804,27.9735744686315,5,8,6
-52.4706589094103,293.932859079391,27.9312286511408,5,8,6
-53.0586118395372,294.863189059298,27.8868437090722,5,8,6
-53.6451260112268,295.799544022104,27.8442870311491,5,8,6
-54.2305236563816,296.737192214996,27.8016489633734,5,8,6
-54.8131570252234,297.678071447279,27.7616078476148,5,8,6
-55.3996003107718,298.623648497116,27.7261347119584,5,8,6
-55.9874608478832,299.578065774302,27.6925199268439,5,8,6
-56.5830129777539,300.536339542915,27.6599244936111,5,8,6
-57.1754648428991,301.494363025349,27.6252950209891,5,8,6
-57.7721826126956,302.455546493414,27.5928991661544,5,8,6
-58.3684362776098,303.419297750953,27.5587294841521,5,8,6
-58.9652258787111,304.386416656815,27.5283324822221,5,8,6
-59.5645868134314,305.35547136844,27.4992609611428,5,8,6
-60.1630095056502,306.330227469032,27.4704926892299,5,8,6
-60.7569328118542,307.308862304458,27.4417610402654,5,8,6
-61.341318430735,308.288827838561,27.4117525710176,5,8,6
-61.9193729517139,309.273296704316,27.3837515140261,5,8,6
-62.4882559100235,310.261901308685,27.3546355086972,5,8,6
-63.0437311788093,311.261928419727,27.324802844142,5,8,6
-63.5832055056643,312.264071632854,27.2947242255745,5,8,6
-64.1073906670894,313.271701765832,27.262451330622,5,8,6
-64.6173701732673,314.284351619441,27.2295916823996,5,8,6
-65.1119907450776,315.302494193361,27.1948977559114,5,8,6
-65.5934452912179,316.319425953313,27.1575825484399,5,6,8
-66.0589585039271,317.342463331161,27.1193530995618,5,6,8
-66.5086843520879,318.372919560518,27.080926982119,5,6,8
-66.9394134398042,319.404567498067,27.0417125380056,5,6,8
-67.3526760858483,320.441423469267,27.00218024789,5,6,8
-67.7503309644352,321.481575482613,26.9611014058059,5,6,8
-68.1373545566931,322.523976357788,26.920120958896,5,6,8
-68.5175441907788,323.567028519628,26.8782836305387,5,6,8
-68.8970600366567,324.608656156699,26.8352208886527,5,6,8
-69.2748637087766,325.650896689867,26.7934089543306,5,6,8
-69.6495187280335,326.692929735704,26.7520826485775,5,6,8
-70.0184324075252,327.735349791253,26.7116735365456,5,6,8
-70.3799284935107,328.777454563054,26.6725447401045,5,6,8
-70.7340700501968,329.818646153848,26.6348064487221,5,6,8
-71.0817732201267,330.865732668255,26.598601796846,5,6,8
-71.418928338934,331.912361646876,26.5621216648373,5,6,8
-71.7529115084529,332.961714915035,26.5279673625376,5,6,8
-72.0758016370829,334.015154196586,26.4903498467929,5,6,8
-72.3886871656536,335.067324243467,26.4516202472088,5,6,8
-72.6956678930675,336.112242045251,26.4116281263713,5,6,8
-72.9995891940378,337.155612428459,26.3756249785371,5,6,8
-73.301553123709,338.19447620675,26.3398501004633,5,6,8
-73.5991934947177,339.233788624873,26.3023300678209,5,6,8
-73.8885214181283,340.264012357606,26.2679910738804,5,6,8
-74.1737948599427,341.285455803084,26.2360750171664,5,6,8
-74.4664672219874,342.289024725162,26.2036495001696,5,6,8
-74.7687258512723,343.275453344442,26.1720707800501,5,6,8
-75.0793045279472,344.24004280151,26.1418200058321,5,6,8
-75.3992386876214,345.19146943321,26.1111280418734,5,6,8
-75.7221776341367,346.122021534839,26.0812408673263,5,6,8
-76.0438864349728,347.034678085463,26.0521402982907,5,6,8
-76.3629482164744,347.93460775087,26.0223587315678,5,6,8
-76.6823751307635,348.82777020595,25.9944528075515,5,6,8
-76.9955777814844,349.723578866611,25.9651954614369,5,6,8
-77.3024641078946,350.618771972018,25.9368828071939,5,6,8
-77.5977429174958,351.511062950725,25.9060167775773,5,6,8
-77.8810390604667,352.40755854744,25.8730362742956,5,6,8
-78.1484115173146,353.304890959086,25.8410117968821,5,6,8
-78.3994659690815,354.201849667607,25.8094542048868,5,6,8
-78.6345851683003,355.10182980972,25.7779351929585,5,6,8
-78.8468453405045,355.995601308087,25.74680691395,5,6,8
-79.035502650014,356.901736277057,25.7144823500039,5,6,8
-79.1960846596792,357.808826900761,25.6819193767662,5,6,8
-79.3340267889986,358.706254335781,25.6523763933842,5,6,8
-79.4423556096428,359.619774262867,25.6192069112355,5,6,8
-79.5229209183247,360.539845358378,25.5853931747523,5,6,8
-79.5752832612168,361.448708113052,25.5535992342441,5,6,8
-79.6043280969139,362.372945097135,25.5211274702554,5,6,8
-79.6009797137053,363.281944995481,25.4902569420166,5,6,8
-79.5711945489688,364.206661929461,25.4621252278298,5,6,8
-79.516374367034,365.132244920669,25.4334746500556,5,6,8
-79.4304655115751,366.045925418225,25.4080377457372,5,6,8
-79.3286790916808,366.972905083757,25.3812236064449,5,6,8
-79.2069388309914,367.907675142026,25.3479081944718,5,6,8
-79.0718979876751,368.844811984106,25.3165211373029,5,6,8
-78.9375642182727,369.784214301886,25.282884598977,5,6,8
-78.7999967912638,370.72372838116,25.2450276023544,5,6,8
-78.6637268020363,371.676086679794,25.2092606678009,5,6,8
-78.5278729365147,372.640156352366,25.1797843245727,5,6,8
-78.396071555866,373.616312963464,25.1540994668793,5,6,8
-78.2708052334551,374.599505350007,25.1285302577852,5,6,8
-78.1500345705568,375.589738706673,25.1039780441878,5,6,8
-78.0305504333573,376.590905380206,25.0808984527694,5,6,8
-77.9118405526973,377.603395416742,25.0588550842672,5,6,8
-77.7926694521397,378.628529463153,25.0394063961219,5,6,8
-77.6703928767642,379.670972859901,25.0212541927934,5,6,8
-77.5438439440592,380.724009747584,25.0038738686201,5,6,8
-77.4163595127689,381.78791403879,24.9847582446156,5,6,8
-77.287637468082,382.861081194403,24.9637449000505,5,6,8
-77.1552511393942,383.943133829782,24.9428721310317,5,6,8
-77.0221248094067,385.031181971535,24.9218974009098,5,6,8
-76.8878806263019,386.125167641768,24.9033923174203,5,6,8
-76.7546953238992,387.228488538339,24.8924081850361,5,6,8
-76.6207208875459,388.33582802039,24.8827060962913,6,5,9
-76.4832137355755,389.450095750472,24.8756282966299,6,5,9
-76.3389932057459,390.565030911264,24.8686033955656,6,5,9
-76.1833645965854,391.675616891656,24.8620801575345,6,5,9
-76.0184643825494,392.786790684434,24.857553097791,6,5,9
-75.8395638975157,393.893996330227,24.85317279754,6,5,9
-75.6488088158547,394.998263190174,24.8500204586059,6,5,9
-75.4463711240493,396.10307816251,24.84724628128,6,5,9
-75.2334085225601,397.206839552119,24.8444268247414,6,5,9
-75.0108443098439,398.304847299126,24.8413317546424,6,5,9
-74.7779916909598,399.396729968377,24.8398381294635,6,5,9
-74.5337880251029,400.48075157021,24.8381660239383,6,5,9
-74.2834511260175,401.557674940442,24.8384593838787,6,5,9
-74.0268699924968,402.634038965085,24.8429669070765,6,5,9
-73.7669413687381,403.704339362831,24.8506406162078,6,5,9
-73.5021410689131,404.768796241513,24.8572471072418,6,5,9
-73.2340447689544,405.832322275304,24.8630214854142,6,5,9
-72.9605206043133,406.890103637535,24.873678181787,6,5,9
-72.679058615619,407.947107395187,24.882122913811,6,5,9
-72.3886380597883,409.0056481306,24.8894869601316,6,5,9
-72.0883259906161,410.065229210714,24.9021003259323,6,5,9
-71.7841831347176,411.124088777871,24.9087275918203,6,5,9
-71.4731829177055,412.182415559019,24.915448357221,6,5,9
-71.1589466334313,413.242716630233,24.927448236824,6,5,9
-70.8437857237907,414.305229090933,24.9345102096823,6,5,9
-70.5247214378612,415.369743739697,24.9369698030841,6,5,9
-70.2084761764127,416.432020827784,24.9364253787056,6,5,9
-69.8930894320485,417.494376225809,24.9343588452778,6,5,9
-69.576576640904,418.563697059944,24.930533786537,6,5,9
-69.2570118749127,419.633402269347,24.926684109399,6,5,9
-68.9342820768945,420.704089672603,24.9227096591703,6,5,9
-68.6086461671303,421.7741853698,24.9200773710679,6,5,9
-68.2794843745126,422.847351786116,24.9167347774257,6,5,9
-67.9452174578918,423.92160094932,24.9138670210332,6,5,9
-67.610523581251,424.992909086229,24.9087494495421,6,5,9
-67.2754977081822,426.062388991913,24.9020930965939,6,5,9
-66.9387834864426,427.129224098688,24.893332695988,6,5,9
-66.604618563241,428.191941047829,24.882800755776,6,5,9
-66.2748979789322,429.255323889834,24.8689641158826,6,5,9
-65.9475373768809,430.320491965763,24.8535552407699,6,5,9
-65.6263232176648,431.382731592082,24.8405628146053,6,5,9
-65.3061369794014,432.443261374042,24.8267088140629,6,5,9
-64.9840252885791,433.504428678686,24.8097547010651,6,5,9
-64.6652383499887,434.562607338501,24.7925194753036,6,5,9
-64.3528442924013,435.616330626744,24.7760663860668,6,5,9
-64.0467074258633,436.664806171248,24.7608891280875,6,5,9
-63.7415807271746,437.708725187975,24.7421485413337,6,5,9
-63.4397878604684,438.757970381161,24.7239149116816,6,5,9
-63.1409446710178,439.798656620099,24.7014449870434,6,5,9
-62.8435171540103,440.835801884883,24.6761942403072,6,5,9
-62.5472690814872,441.864825935338,24.6494312506582,6,5,9
-62.2587124881552,442.887477607529,24.6220921164082,6,5,9
-61.9661255665295,443.911985515339,24.593353645116,6,5,9
-61.6820107251818,444.928141432673,24.5650224909061,6,5,9
-61.3979738422978,445.936924004481,24.5382974780561,6,5,9
-61.1148329778753,446.942625466526,24.5124446533719,6,5,9
-60.8334265611968,447.945208328729,24.4850237646766,6,5,9
-60.5501300896128,448.94178016911,24.4575667635529,6,5,9
-60.2695073327348,449.929446044323,24.429060037343,6,5,9
-59.9891106015031,450.909687732828,24.399139785134,6,5,9
-59.7121738072543,451.882060209439,24.3700818739819,6,5,9
-59.4336615751953,452.855072467737,24.3379535923387,6,5,9
-59.1574730083833,453.82283518781,24.3022929851104,6,9,5
-58.8827552555852,454.782628177077,24.2680477886775,6,9,5
-58.6068429262217,455.734973323545,24.231420237103,6,9,5
-58.3282207679577,456.682175469353,24.187261173988,6,9,5
-58.049357409889,457.627684495036,24.1435912595956,6,9,5
-57.7729843450676,458.568874924545,24.0981432663967,6,9,5
-57.4997625297778,459.504116039094,24.0547951954465,6,9,5
-57.2179012382828,460.432758888494,24.0082849024387,6,9,5
-56.9423196910491,461.355542231149,23.9623607760586,6,9,5
-56.6651533292425,462.278755258499,23.9127797885135,6,9,5
-56.3889829393901,463.196206552775,23.8593460271228,6,9,5
-56.1123671122249,464.114643705928,23.8052056061706,6,9,5
-55.8360649424147,465.02570722421,23.7467303128015,6,9,5
-55.5627274078972,465.925891090493,23.6886790395318,6,9,5
-55.2882490379308,466.828726474669,23.6339536865788,6,9,5
-55.0121261453326,467.724339754421,23.5784826490794,6,9,5
-54.7381072907118,468.615279020138,23.5239602496177,6,9,5
-54.465226941198,469.498071760386,23.4664558510606,6,9,5
-54.1920934224564,470.370026349252,23.4127473136967,6,9,5
-53.9243657116876,471.236691712585,23.3581355421901,6,9,5
-53.667129564752,472.094888703066,23.3023815582828,6,9,5
-53.4107911777181,472.941485060937,23.2464351422035,6,9,5
-53.154710132251,473.779032765049,23.1935035773745,6,9,5
-52.9041134514766,474.599707530858,23.1407067607452,6,9,5
-52.6563727132531,475.407197114657,23.0880633788189,6,9,5
-52.4139332464453,476.200523416952,23.0361486607196,6,9,5
-52.1732730643563,476.982181167679,22.9856623438741,6,9,5
-51.9351291445349,477.756659950962,22.9357371362088,6,9,5
-51.7012886245056,478.526686087099,22.8873654671997,6,9,5
-51.4706370531241,479.292814822715,22.8382482283836,6,9,5
-51.2423796020027,480.056273115997,22.790185231179,6,9,5
-51.0153927187297,480.817866867538,22.7438435244731,6,9,5
-50.7973543494701,481.579808649165,22.6976901785291,6,9,5
-50.5842886382715,482.345507543709,22.6533897423299,6,9,5
-50.3779626926366,483.110896045514,22.6065099223594,6,9,5
-50.1788558740667,483.876413043367,22.559183226299,6,9,5
-49.9930655854599,484.65390727279,22.5065126319124,6,9,5
-49.8224418969699,485.418186134262,22.454478187267,6,9,5
-49.6707244238695,486.192803823279,22.3990845486983,6,9,5
-49.5318433795581,486.971394170896,22.3382940506279,6,9,5
-49.4119990839168,487.738566873463,22.2768563303738,6,9,5
-49.317884572524,488.52375601702,22.2145342607061,6,9,5
-49.2463939117255,489.29237651125,22.1534309409582,6,9,5
-49.1991848319962,490.084146430586,22.0878959943148,6,9,5
-49.1718681715856,490.873973795439,22.0257720113327,6,9,5
-49.161110561198,491.647978741142,21.9634877068564,6,9,5
-49.1724532363674,492.44210735508,21.9017855907544,6,9,5
-49.2079176898738,493.235958613519,21.8402028071633,6,9,5
-49.2622623981928,494.01746492212,21.776428516673,6,9,5
-49.3411062911567,494.814851922079,21.7100568976463,6,9,5
-49.435354624225,495.597420684648,21.6440986250519,6,9,5
-49.5547530863777,496.39589883531,21.5770323351029,6,9,5
-49.6956406639473,497.196581035581,21.5097446220801,6,9,5
-49.8538315200311,497.982877477825,21.4442118495234,6,9,5
-50.0325935685607,498.782747443698,21.3768337823926,6,9,5
-50.227452827161,499.567083422812,21.3087506822718,6,9,5
-50.438274916667,500.366671922646,21.2389265675135,6,9,5
-50.6651143008934,501.169180113871,21.1713926701189,6,9,5
-50.9036256808355,501.9593514502,21.1042521139964,6,9,5
-51.159350182095,502.758676895195,21.0351538894262,6,9,5
-51.4332617112657,503.556700114473,20.9664663420097,6,9,5
-51.7215119376278,504.345332533133,20.9000603802063,6,9,5
-52.0286272209824,505.14095304594,20.8332229180723,6,9,5
-52.3550509427311,505.926522240425,20.7636744179774,6,9,5
-52.6993545657564,506.716637116061,20.6973773085021,6,9,5
-53.0530064525712,507.503322506839,20.6325030146565,6,9,5
-53.4229835359856,508.27464803625,20.5653403361851,6,9,5
-53.8091136290864,509.049232907118,20.4968914636333,6,9,5
-54.206645479676,509.823698782996,20.42984753909,6,9,5
-54.6135880329399,510.582688339258,20.3674326509844,6,9,5
-55.043973202417,511.346738701411,20.3016658323285,6,9,5
-55.496076728364,512.099542003019,20.2385976517415,6,9,5
-55.969171282906,512.836486005742,20.1777672963458,6,9,5
-56.4597506044368,513.57206364619,20.1137986442103,6,9,3
-56.9678006930234,514.277644100034,20.0510114267735,6,9,3
-57.4970495959769,514.981306011194,19.9868032215553,6,9,3
-58.0461807778536,515.670682552495,19.9236164857865,6,9,3
-58.6107589727406,516.322631617638,19.8604992454904,6,9,3
-59.1915929511,516.973461619823,19.7973707265784,6,9,3
-59.7878036128557,517.605193461516,19.7358788631561,6,9,3
-60.3923116907471,518.20347015544,19.6748932722736,6,9,3
-61.0154254774355,518.805091359521,19.6168890877253,6,9,3
-61.6484005220447,519.382007341013,19.5559201964875,6,9,3
-62.2990594905324,519.959988718349,19.4935916000795,6,9,3
-62.9589607989004,520.531288929357,19.4297210012978,6,9,3
-63.6276910312323,521.083289246285,19.3693049562476,6,9,3
-64.3083051666052,521.631757103382,19.3035408754242,6,9,3
-65.0058047622186,522.168648087826,19.2342932535318,6,9,3
-65.7183632243507,522.687817277203,19.1653787878676,6,9,3
-66.44571235384,523.208969584798,19.0969810639124,6,9,3
-67.1812078997379,523.700412195858,19.0259052614264,6,9,3
-67.9347009776612,524.188111819164,18.9529316147323,6,9,3
-68.7018078598788,524.65874015658,18.8778105733384,6,9,3
-69.4793927999483,525.09560206462,18.8018995383659,6,9,3
-70.2748736433832,525.531356851598,18.7261960040887,6,9,3
-71.087064878995,525.945553089004,18.6540805877309,6,9,3
-71.9100215508197,526.326141093285,18.5786419215103,6,9,3
-72.7505180132963,526.706816964964,18.5032105408112,6,9,3
-73.602062651366,527.053959285431,18.4287450803794,6,9,3
-74.46983418734,527.397672287329,18.3536977418007,6,9,3
-75.3498821134943,527.722262776541,18.2797693813316,6,9,3
-76.2434684358053,528.009679261967,18.2095979454279,6,9,3
-77.1511715520307,528.291652579418,18.1386703570206,6,9,3
-78.0737717385995,528.550309165794,18.0684716626382,6,9,3
-79.0029514817595,528.766992577422,17.9983057807493,6,9,3
-79.9494588975043,528.976160225762,17.9280671987451,6,9,3
-80.9041634430725,529.139525532834,17.8557154939061,6,9,3
-81.8716855677287,529.297348375415,17.7830302252448,6,9,3
-82.8491868969497,529.430865164223,17.707293342909,6,9,3
-83.8274666753112,529.524914850833,17.6336204684819,6,9,3
-84.8206038491804,529.611541557654,17.5601749322231,6,9,3
-85.8214712846116,529.67444520022,17.4891900665642,6,9,3
-86.8299817459662,529.698566884134,17.4173826939352,6,9,3
-87.8503290357669,529.713347865355,17.3456673308379,6,9,3
-88.8715421542564,529.702477660214,17.270939165092,6,9,3
-89.8964078460351,529.655358708632,17.1984782211409,6,9,3
-90.9284368190656,529.597573002775,17.1259649063046,6,9,3
-91.9587412385209,529.498793557877,17.0547031600921,6,9,3
-92.9988103342886,529.385285481762,16.9848969878069,6,9,3
-94.0354408321237,529.243458900449,16.9152767973519,6,3,9
-95.0808519521177,529.065358777825,16.8449705420067,6,3,9
-96.1247701936773,528.871968619443,16.7758266058564,6,3,9
-97.1664394136123,528.658594331571,16.7084557493209,6,3,9
-98.2082863791371,528.413730259372,16.641922831627,6,3,9
-99.2560423716601,528.155552971045,16.5788640689098,6,3,9
-100.305769015528,527.863746548154,16.5196890895548,6,3,9
-101.348549382946,527.561096656422,16.4601037270873,6,3,9
-102.392048584486,527.235214948179,16.4045153507972,6,3,9
-103.431522378441,526.874530607614,16.3502742675044,6,3,9
-104.471866193235,526.500306053586,16.2994044236984,6,3,9
-105.508727807275,526.101892873406,16.2445894365962,6,3,9
-106.541026642361,525.675610250832,16.1873030906469,6,3,9
-107.569798747747,525.234603964328,16.1298004877196,6,3,9
-108.594945200309,524.778788905145,16.0729832766857,6,3,9
-109.620770872037,524.307071330443,16.0159672599882,6,3,9
-110.647756403361,523.823357217155,15.9589254310196,6,3,9
-111.676291534969,523.329754890815,15.9022115764186,6,3,9
-112.707845863257,522.832034189771,15.8435758635154,6,3,9
-113.745714064847,522.331090597767,15.7817807076853,6,3,9
-114.791186839427,521.829176205712,15.7194771992668,6,3,9
-115.845366050248,521.325553223585,15.6541368677635,6,3,9
-116.902149267314,520.82069096194,15.5857455957795,6,3,9
-117.970864305723,520.309034665761,15.5142723049162,6,3,9
-119.026687869758,519.795610508911,15.4426174298361,6,3,9
-120.092831998715,519.27791673605,15.3697587166444,6,3,9
-121.221652204484,518.724681921066,15.2940366479008,6,3,9
-122.240511959259,518.224771580434,15.2280353803803,6,3,9
-123.322229453141,517.693138530407,15.1601555576684,6,3,9
-124.412567372173,517.157336419235,15.0916013434829,6,3,9
-125.509927204602,516.616603050805,15.0192063175969,6,3,9
-126.610793470254,516.074019956225,14.9428900751542,6,3,9
-127.714274450352,515.528103381321,14.8638787119439,6,3,9
-128.821386917761,514.975679664056,14.7834459786363,6,3,9
-129.934212691196,514.420468092788,14.7020770796261,6,3,9
-131.048662887377,513.860476882389,14.6214689022128,6,3,9
-132.166331376746,513.296797614128,14.5406516384792,6,3,9
-133.296206814852,512.731895488362,14.4607875988694,6,3,5
-134.436097198311,512.163818829566,14.3795111791274,6,3,5
-135.578668544537,511.599781829966,14.2997342561016,6,3,5
-136.726361724464,511.030914667401,14.2167360998042,6,3,5
-137.880180274531,510.457770546213,14.139187885295,6,3,5
-139.039418804912,509.880881818241,14.0633304203436,6,3,5
-140.212486793582,509.298052825068,13.986975516159,6,3,5
-141.398288748164,508.708491358042,13.9109075208224,6,3,5
-142.582683587616,508.119525764396,13.8291494146844,6,3,5
-143.77238510166,507.529066527377,13.7462232603626,6,3,5
-144.969808497245,506.934472345008,13.6648830365328,6,3,5
-146.173651382403,506.336012425266,13.5837047690673,6,3,5
-147.386116907308,505.732762527752,13.5006325374481,6,3,5
-148.601206760633,505.124622451779,13.4174121436245,6,3,5
-149.822610537517,504.513827565512,13.33501318413,6,3,5
-151.050329759112,503.899965120321,13.2526926002811,6,3,5
-152.282364648393,503.282577026299,13.1676390853447,6,3,5
-153.523401390389,502.664492955347,13.0801913541788,6,3,5
-154.769347201293,502.044637037455,12.9929707853616,6,3,5
-156.020572306687,501.428676712624,12.9039100250353,6,3,5
-157.275912001422,500.810180990681,12.8174503253576,6,3,5
-158.531950918582,500.191781571213,12.7305684718293,6,3,5
-159.791243239758,499.562471148121,12.6421907088246,6,3,5
-161.046148381633,498.930759477402,12.5550469509318,6,3,5
-162.303679988905,498.294101375728,12.4703163646388,6,3,5
-163.55960217566,497.659450005814,12.3864326507389,6,3,5
-164.818521097591,497.025067435328,12.2998420334852,6,3,5
-166.078534289794,496.392011159629,12.2144582362288,6,3,5
-167.337052271076,495.758054716159,12.129510836018,6,3,5
-168.59605087652,495.127777119852,12.0431500774203,6,3,5
-169.850672578111,494.493332555653,11.9600437758081,6,3,5
-171.107997602566,493.857971029237,11.875161150399,6,3,5
-172.366811866396,493.224823643235,11.7906498035884,6,3,5
-173.623008048848,492.595713214007,11.7090315913628,6,3,5
-174.888864040103,491.974421766108,11.6256233721567,6,3,5
-176.158518652767,491.352660343077,11.5370099921315,6,3,5
-177.419342221539,490.73637007339,11.4433880647011,6,3,5
-178.675168797119,490.119453411003,11.3496900215794,6,3,5
-179.92719761647,489.503369882127,11.264891474769,6,3,5
-181.177010225667,488.891148741011,11.1843589882969,6,3,5
-182.425697060741,488.284353883128,11.1056447917959,6,3,5
-183.679087182023,487.67653839286,11.0243546469028,6,3,5
-184.930270467406,487.069775364051,10.9409176204689,6,3,5
-186.177147983652,486.463742065568,10.854620463407,6,3,5
-187.423804023544,485.861781153769,10.7667336483949,6,3,5
-188.66397285173,485.25752028641,10.6807705516373,6,3,5
-189.907068081054,484.648539564964,10.5986867783803,6,3,5
-191.140054154438,484.041754047684,10.5192623572483,6,3,5
-192.37174771837,483.433688214971,10.4413808591722,6,3,5
-193.596038853959,482.825744767311,10.3611216559728,6,3,5
-194.817525251448,482.218453242024,10.2788628173138,6,3,5
-196.034346844864,481.603916000975,10.195360555828,6,3,5
-197.240158532318,480.991095739238,10.1102057617569,6,3,5
-198.439202413338,480.372298526924,10.0284378920764,6,3,5
-199.634843966456,479.754327782463,9.94920845035514,6,3,5
-200.827587377067,479.136504561093,9.87360887189362,6,3,5
-202.011547094407,478.51510296222,9.79602574800672,6,3,5
-203.189598126343,477.895478128176,9.71879610172683,6,3,5
-204.355142039252,477.27718335094,9.64112166627865,6,3,5
-205.500859189283,476.664528840736,9.56570388640652,6,3,5
-206.633861129106,476.054914052881,9.49045233401053,6,3,5
-207.748636903962,475.450623989599,9.41608160310015,6,3,5
-208.84296317925,474.856464165709,9.34352115992943,6,3,5
-209.918245646644,474.271120590761,9.27155237416718,3,6,2
-210.976175312037,473.69651562544,9.20097144187133,3,6,2
-212.020582958913,473.126464431213,9.13160154154096,3,6,2
-213.043834360585,472.568059732398,9.0651866463536,3,6,2
-214.049634257436,472.020087725279,8.99984484765253,3,6,2
-215.03595982675,471.487141971544,8.93574899367115,3,6,2
-216.006222800867,470.966720359275,8.87179948515846,3,6,2
-216.965899781094,470.463554372283,8.80819202265022,3,6,2
-217.916488759079,469.978165082586,8.74571686251796,3,6,2
-218.864721825164,469.503851282413,8.68239388573289,3,6,2
-219.811930467174,469.054545258562,8.61959444047157,3,6,2
-220.752481025817,468.616800533283,8.55637169236654,3,6,2
-221.702055688895,468.214303655663,8.49298102205454,3,6,2
-222.646418966931,467.834646900979,8.43325404844848,3,6,2
-223.586358048036,467.45987424669,8.37384651669533,3,6,2
-224.531631550947,467.118451777083,8.31550601944537,3,6,2
-225.48652178543,466.79333190925,8.25435046997805,3,6,2
-226.442980305445,466.474854170093,8.19514073669101,3,6,2
-227.413768794832,466.189428917523,8.12864615158444,3,6,2
-228.38251446945,465.912937031267,8.06462062747019,3,6,2
-229.361712950418,465.665099708377,7.99460804845612,3,6,2
-230.346784728321,465.442132691025,7.92090632359596,3,6,2
-231.323098805482,465.230385962646,7.84499820317683,3,6,2
-232.305237284813,465.053764638144,7.76854624311017,3,6,2
-233.294345765357,464.903064902211,7.69107686761017,3,6,2
-234.28465070247,464.753183668782,7.614332850883,3,6,2
-235.286969318968,464.640554686706,7.53678466692867,3,6,2
-236.280974245316,464.530802789368,7.46030280601814,3,6,2
-237.288052625752,464.466755474659,7.38569210265601,3,6,2
-238.30747857252,464.433613145457,7.31332589235724,3,6,2
-239.323155139242,464.410806581376,7.24405596909361,3,6,2
-240.354279148666,464.438236412767,7.17192757894759,3,6,2
-241.392655090326,464.495300530544,7.09940826179546,3,6,2
-242.426664157908,464.565856938903,7.02759135479985,3,6,2
-243.47239131452,464.691966534662,6.94908698086195,3,6,2
-244.51836079549,464.849683369143,6.87064252424559,3,6,2
-245.548270414084,465.018297145974,6.78491112223004,3,6,2
-246.587824075229,465.238159045056,6.6986980281424,3,6,2
-247.616747210184,465.464289771197,6.61371482226225,3,6,2
-248.652484370123,465.747992597702,6.5304240208814,3,6,2
-249.684265427308,466.062982264668,6.44723130003653,3,6,2
-250.713807913113,466.385884129994,6.36533503831203,3,6,2
-251.744897654107,466.758376577707,6.2761195776405,3,6,2
-252.769750799673,467.158470940656,6.18858683554026,3,6,2
-253.774023808037,467.574337255524,6.09943758843375,3,6,2
-254.778796476218,468.029740316268,6.00607201205689,3,6,2
-255.772776887946,468.504157524293,5.91651908036296,3,6,2
-256.766031737958,469.023438644881,5.82464987807777,3,6,2
-257.751448325182,469.569248478869,5.72480133991476,3,6,2
-258.718627642261,470.122013241567,5.62173518326668,3,6,2
-259.68649144322,470.716970734556,5.51179681979124,3,6,2
-260.637448651306,471.332680439404,5.39796419352581,3,6,2
-261.57415315038,471.958807713683,5.28338261062705,3,6,2
-262.502481684511,472.619748224518,5.16585124859653,3,6,2
-263.410533244345,473.295413315448,5.04385066284718,3,6,2
-264.3229547552,473.99698480003,4.92070456493002,3,6,2
-265.223900470393,474.713472592938,4.79588074864968,3,6,2
-266.114307472317,475.437144481722,4.66729039661637,3,6,2
-267.005025921654,476.178855146309,4.54071198868736,3,6,2
-267.887010014094,476.927422499834,4.41409202857498,3,6,2
-268.764806988514,477.693816284339,4.29008060342977,3,6,2
-269.638456794698,478.470036059128,4.16871436206998,3,6,2
-270.510153732285,479.257528112492,4.05204749515484,3,6,2
-271.382626836595,480.0508484708,3.94261162537439,3,6,2
-272.2418960053,480.844333386209,3.82911079288805,3,6,2
-273.097349824943,481.640448346834,3.7126070328668,3,6,2
-273.946703800022,482.436421609338,3.59544949800725,3,6,2
-274.794939820657,483.235536431916,3.47516855531175,3,6,2
-275.638577189069,484.034322710444,3.35456611832905,3,6,2
-276.475413663895,484.833162228675,3.23321701110841,3,6,2
-277.313168642085,485.628647091805,3.11428497628323,3,6,2
-278.141522538419,486.424959743699,2.99972545028618,3,6,2
-278.963273111586,487.222055221297,2.88608690809626,3,6,2
-279.776496137163,488.005285321356,2.77710135592572,3,6,2
-280.583152035321,488.78176424515,2.667105183181,3,6,2
-281.384273961646,489.545128916451,2.55801670799034,3,6,2
-282.183446347506,490.298382987183,2.44897220191698,3,6,2
-282.97032620148,491.029732512009,2.33760940513752,3,6,2
-283.750019168615,491.739355488585,2.23285331654207,3,6,2
-284.528601220405,492.4316297278,2.13158481080941,3,6,2
-285.294189232957,493.102522156166,2.02952975697698,3,6,2
-286.066193759986,493.751397987938,1.93653802736329,3,6,2
-286.832510672927,494.378422486139,1.84826390299226,3,6,2
-287.589881441214,494.975051489796,1.76315519771677,3,6,2
-288.347427511479,495.55748421688,1.68419978991038,3,6,2
-289.09781624574,496.111612332813,1.60733278221599,3,6,2
-289.838954589899,496.636816793372,1.53791287075967,3,6,2
-290.571418277388,497.13755309013,1.47312416425354,3,6,2
-291.280762085193,497.603759369531,1.41952374013799,3,6,2
-291.986739869564,498.064054452709,1.37216335899014,3,6,2
-292.678464965836,498.494997798339,1.32621970415087,3,6,2
-293.380269562326,498.91100300547,1.28693976183628,3,6,2
-294.084357537632,499.3122454872,1.26102049864594,3,6,2
-294.774482908884,499.665688179304,1.2337905200537,3,6,2
-295.482366166023,500.007623442201,1.20688681294077,3,6,2
-296.173757344173,500.28810070959,1.18198681079647,3,6,2
-296.877899527316,500.558446930144,1.15748377943742,3,6,2
-297.596079350334,500.802054135639,1.13854335963792,3,6,2
-298.292526171702,500.973058585655,1.12647909004673,3,6,2
-299.022070308721,501.164619357927,1.11368439491271,3,6,2
-299.72767606533,501.284668767603,1.10789763538864,3,6,2
-300.475530342188,501.415582993717,1.10514270588364,3,6,2
-301.229544407796,501.515093888091,1.10653489709152,3,6,2
-301.9555807223,501.549274457301,1.10324030920361,3,6,2
-302.700062871657,501.593894583497,1.09676312682204,3,6,2
-303.411782463128,501.550392723006,1.08769987433458,3,6,2
-304.142784361304,501.509127971598,1.06928671128165,3,6,2
-304.867107405779,501.444767096903,1.05912556799717,3,6,2
-305.567879262081,501.311275139101,1.05468226270546,3,6,2
-306.28845491951,501.17708346088,1.05031725987034,3,6,2
-306.985058753453,500.996605948157,1.04252076901783,3,6,2
-307.69610084962,500.829178045215,1.03913476870778,3,6,2
-308.40434888177,500.640308671754,1.03433762656263,3,6,2
-309.09845781839,500.418370742593,1.02411863217161,3,6,2
-309.79628966727,500.191964050055,1.01467970988716,3,6,2
-310.493580358186,499.953184530953,1.00124991161075,3,6,2
-311.185973892083,499.693323104129,0.984653917445479,3,6,2
-311.879114019204,499.424282292876,0.969131411300044,3,6,2
-312.571642349444,499.13821189862,0.958068858948874,3,6,2
-313.261502605188,498.845385805272,0.944589064806186,3,6,2
-313.949611693305,498.543200136119,0.934075710417735,3,6,2
-314.620994393592,498.20679805926,0.927817180254387,3,6,2
-315.294485338696,497.86994736913,0.929809171100315,3,6,2
-315.936000326246,497.487564544959,0.92799586174128,3,6,2
-316.581505533053,497.106188539,0.919548832743381,3,6,2
-317.218508479792,496.705842052973,0.915495948635057,3,6,2
-317.812953630109,496.237220162294,0.914269015092156,3,6,2
-318.413740544211,495.780451451227,0.914188710172308,3,6,2
-318.96363702604,495.261632052677,0.914909052719594,3,6,2
-319.521005128478,494.768100087955,0.912471179391092,3,6,2
-320.045384043596,494.251849204733,0.907087068237201,3,6,2
-320.51616987308,493.674029093487,0.902205064325038,3,6,2
-320.979934383969,493.119567545418,0.890881581567557,3,6,2
-321.390153186752,492.514599585465,0.88362171351713,3,6,2
-321.789724942291,491.938971103714,0.87566435397374,3,6,2
-322.16352276534,491.358574275694,0.87129745442485,3,6,2
-322.499078850269,490.747516867385,0.874866930331473,3,6,2
-322.835356324326,490.151932296306,0.876491343211685,3,6,2
-323.160680673336,489.547566915638,0.882528403781643,3,6,2
-323.463329012873,488.919076019729,0.893935876084678,3,6,2
-323.764042444389,488.297576668905,0.905350152155822,3,6,2
-324.031393104839,487.648508017997,0.916877733820405,3,6,2
-324.291407132996,487.00544928934,0.919369020489549,3,6,2
-324.538529710793,486.36039664645,0.920155361955755,3,6,2
-324.746319255879,485.681396375273,0.91827637925611,3,6,2
-324.941256596978,485.013401364385,0.920367194574794,3,6,2
-325.115904642607,484.343543930147,0.924762134232402,3,6,2
-325.254703296355,483.64328760332,0.928292163484059,3,6,2
-325.384987049692,482.964739764726,0.922901494332365,3,6,2
-325.471998334086,482.240919483635,0.920506305108498,3,6,2
-325.553208354363,481.538392974878,0.925103091847705,3,2,6
-325.620513338043,480.836337920159,0.92624121010831,3,2,6
-325.642365305698,480.104302729024,0.924566120157433,3,2,6
-325.654308069591,479.39332733455,0.917388804141963,3,2,6
-325.639006330238,478.670540899294,0.905943048265701,3,2,6
-325.584852091113,477.918163331119,0.894958697179497,3,2,6
-325.522010632494,477.18392554764,0.888679711757378,3,2,6
-325.42967842793,476.42751259024,0.880986186861715,3,2,6
-325.333293407272,475.681341996126,0.871009952660254,3,2,6
-325.211035909101,474.928967877884,0.85675160792001,3,2,6
-325.066449749023,474.162285035008,0.842799015709,3,2,6
-324.913674413528,473.394034145581,0.833130071777932,3,2,6
-324.74744532637,472.617199078946,0.828407093290846,3,2,6
-324.567165527864,471.830951087564,0.827129399904051,3,2,6
-324.380607923007,471.04016184885,0.825317219004578,3,2,6
-324.17841410557,470.237618191524,0.830861907446293,3,2,6
-323.962450680044,469.427992020223,0.829818425634349,3,2,6
-323.734609920309,468.612787248607,0.821847823287349,3,2,6
-323.498519920225,467.788013063671,0.818172594163917,3,2,6
-323.260662051815,466.956380136001,0.811639243524947,3,2,6
-323.01972103456,466.120647010767,0.800180186885422,3,2,6
-322.769073443496,465.266048453271,0.787907489757032,3,2,6
-322.517769299419,464.403199119618,0.778785618176945,3,2,6
-322.267208552423,463.531425050737,0.768080498402465,3,2,6
-322.014183271723,462.652650907469,0.758157648752002,3,2,6
-321.757091866532,461.76671231455,0.74571841926276,3,2,6
-321.492547673059,460.869980302547,0.72423701436983,3,2,6
-321.226651201588,459.963747832003,0.703212834233854,3,2,6
-320.957211965414,459.045650359184,0.679530216938444,3,2,6
-320.683481191398,458.127416020801,0.666657260942204,3,2,6
-320.405614951423,457.196488360434,0.655504036348074,3,2,6
-320.125190657685,456.25759974611,0.6474598960374,3,2,6
-319.840992255854,455.313601928939,0.640029537382265,3,2,6
-319.550023971863,454.362551574274,0.625715977827856,3,2,6
-319.25769882442,453.403805157284,0.617956712850376,3,2,6
-318.963375423969,452.445208106628,0.613671681538333,3,2,6
-318.669071047938,451.482812136384,0.609479547381246,3,2,6
-318.374880406369,450.517949962504,0.607255757471743,3,2,6
-318.076300631715,449.54972755968,0.596966997260667,3,2,6
-317.776514903703,448.582133135807,0.582808715180205,3,2,6
-317.468325606886,447.615645426309,0.5714943160013,3,2,6
-317.156669505457,446.642318335734,0.558952789116287,3,2,6
-316.841615464143,445.669141517599,0.55034844298449,3,2,6
-316.534146349028,444.69934292869,0.544071878106639,3,2,6
-316.230886364574,443.727883760467,0.538886148539922,3,2,6
-315.932745366627,442.752765182271,0.534611791717286,3,2,6
-315.641618717049,441.774893526074,0.531056085047349,3,2,6
-315.350390669321,440.796870634076,0.524531592964474,3,2,6
-315.066172906137,439.817572954243,0.523297168380232,3,2,6
-314.789250505968,438.840117191394,0.528218513820676,3,2,6
-314.51585200004,437.858671226143,0.53857356343353,3,2,6
-314.254054028243,436.877641384215,0.552326583897353,3,2,6
-314.0018991356,435.888519168939,0.569632197321048,3,2,6
-313.755130778453,434.902239719075,0.587837936168398,3,2,6
-313.521373266119,433.914279030709,0.609202537782815,3,2,6
-313.292845654614,432.919210600389,0.622793078997649,3,2,6
-313.080485006673,431.931393511827,0.640443004149831,3,2,6
-312.88281751302,430.944151935067,0.65235086460465,3,2,6
-312.69787287739,429.952714796909,0.666686616544601,3,2,6
-312.530428864413,428.959573980732,0.66984264896357,3,2,6
-312.379201211626,427.964689640041,0.683282599645441,3,2,6
-312.235201738406,426.964475787557,0.698782272106614,3,2,6
-312.105296043178,425.965417651672,0.713406062621589,3,2,6
-311.992776415543,424.969707111463,0.731549065148671,3,2,6
-311.890091827846,423.965917169345,0.742237708128935,3,2,6
-311.810087045827,422.966469235523,0.75455891554067,3,2,6
-311.740717289625,421.959852565997,0.765662606531295,3,2,6
-311.686425862485,420.95749795688,0.775944729320203,3,2,6
-311.642115633353,419.958208061309,0.781209383745655,3,2,6
-311.610738160943,418.95306123153,0.791117499868564,3,2,6
-311.598631887529,417.952575080478,0.793036510273792,3,2,6
-311.590653752814,416.946061722068,0.792209440907768,3,2,6
-311.597864931178,415.940363954097,0.781984354266891,3,2,6
-311.621812571688,414.92745498171,0.772123806717004,3,2,6
-311.654576694905,413.932084522723,0.767628801157295,3,2,6
-311.69756385898,412.932736761392,0.767360819821265,3,2,6
-311.754545925136,411.934120826513,0.764851061373929,3,2,6
-311.816937168108,410.933058506498,0.758064010312479,3,2,6
-311.894616895592,409.934377038618,0.751511547079811,3,2,6
-311.982616553838,408.931749054224,0.745104923930566,3,2,6
-312.082015272146,407.92927004853,0.738226398584882,3,2,6
-312.1948922006,406.931721486146,0.734992562889839,3,2,6
-312.314357241119,405.93683751042,0.733586263630523,3,2,6
-312.445016932585,404.943570512572,0.735735703965544,3,2,6
-312.58567249358,403.951493265803,0.740201767505831,3,2,6
-312.732703866184,402.964244547092,0.744426234979772,3,2,6
-312.889608016093,401.982328674195,0.747633142034805,3,2,6
-313.060696209778,401.004369359823,0.755816118536656,3,2,6
-313.234064316401,400.029966133875,0.760727411764504,3,2,6
-313.411312538124,399.059586313553,0.765835522323647,3,2,6
-313.596942691944,398.092508989646,0.768604516406675,3,2,6
-313.795248523165,397.130743567504,0.774164072132991,3,2,6
-313.998512440411,396.176952749579,0.776710789930475,3,2,6
-314.204688831331,395.220450267082,0.777746747340025,3,2,6
-314.416037966548,394.269141357294,0.776843393906915,3,2,6
-314.635746909232,393.32598450895,0.776464512941099,3,2,6
-314.859197519929,392.373419323562,0.768733885160318,3,2,6
-315.077011761461,391.467896838198,0.758862932811094,3,2,6
-315.298580716131,390.550934252178,0.745650519211262,3,2,6
-315.524882831577,389.648420157412,0.739612308513121,3,2,6
-315.755426924638,388.757413722832,0.732673672304257,3,2,6
-315.989987676385,387.884264969736,0.733625563649174,3,2,6
-316.226243952812,387.032704198999,0.73903224108935,2,3,5
-316.467997621647,386.20302825528,0.753447868287486,2,3,5
-316.712592415461,385.406301530617,0.775462928137974,2,3,5
-316.949758194609,384.634652525426,0.792261581000032,2,3,5
-317.182547529821,383.878053687655,0.807284675371681,2,3,5
-317.409799166615,383.149937806351,0.828522653084134,2,3,5
-317.636134103478,382.447149953197,0.863145501804937,2,3,5
-317.855469253189,381.764782158655,0.900803440046728,2,3,5
-318.068223482932,381.099033433485,0.941351109858998,2,3,5
-318.26796772552,380.434422123554,0.976178832126737,2,3,5
-318.461031557808,379.765424558556,1.00795330860705,2,3,5
-318.644094152593,379.096567341171,1.03916269956814,2,3,5
-318.82201143513,378.43758037337,1.07590057770556,2,3,5
-318.986487436201,377.785353389907,1.10245908393257,2,3,5
-319.14116098618,377.133688785801,1.12968034750123,2,3,5
-319.276611546698,376.485501511026,1.14946141261945,2,3,5
-319.399844685339,375.84199774596,1.17766651315551,2,3,5
-319.496347752063,375.183897443769,1.20232753450505,2,3,5
-319.583928108087,374.550695253173,1.22926026614586,2,3,5
-319.622305801676,373.897274836669,1.25215724875039,2,3,5
-319.655838575095,373.272601548298,1.27311096703191,2,3,5
-319.630026060663,372.61536019518,1.28434055853123,2,3,5
-319.603238900772,371.992893415013,1.29404450722164,2,3,5
-319.552513412634,371.378456397358,1.30657200415528,2,3,5
-319.441747734359,370.730336960793,1.30874876322014,2,3,5
-319.340486718723,370.12080241402,1.30689972352161,2,3,5
-319.169990071469,369.477091481973,1.29775070931176,2,3,5
-318.998621362209,368.86799798445,1.28955703353657,2,3,5
-318.794739880958,368.260997069182,1.27872101268118,2,3,5
-318.541194447881,367.625741715218,1.26193853865132,2,3,5
-318.283830568175,367.033596945434,1.24063940161352,2,3,5
-317.969293902658,366.416208830014,1.22206944238425,2,3,5
-317.649647836916,365.840125814366,1.19905649883853,2,3,5
-317.308227132617,365.279048486965,1.17675924461168,2,3,5
-316.917414914617,364.696462870311,1.15693035013196,2,3,5
-316.53013478908,364.148289088396,1.14229610976033,2,3,5
-316.101518354221,363.586747843758,1.1242311497607,2,3,5
-315.661574117444,363.049275811271,1.09574774352829,2,3,5
-315.19871702794,362.514398747281,1.0678007365804,2,3,5
-314.701518574323,361.968550114181,1.04582198255329,2,3,5
-314.199487339637,361.430074443768,1.02946218946104,2,3,5
-313.678693070293,360.883871811056,1.01123511745457,2,3,5
-313.145241524526,360.32978852354,0.997920478693721,2,3,5
-312.597577285847,359.778237484168,0.984777694708486,2,3,5
-312.023476160658,359.212816216642,0.963683592848568,2,3,5
-311.44063826559,358.654980601861,0.944237734578834,2,3,5
-310.835951034333,358.087613894041,0.929458344721897,2,3,5
-310.218695556752,357.513774187551,0.914145488960955,2,3,5
-309.588803555172,356.926827556285,0.896394257900604,2,3,5
-308.953291162259,356.32338850897,0.875030827366954,2,3,5
-308.312765592301,355.701952778021,0.849641445598714,2,3,5
-307.663113816139,355.0654374878,0.822406228583067,2,3,5
-307.005199338702,354.420693353103,0.790123127774443,2,3,5
-306.336034180952,353.766552042439,0.76138726765664,2,3,5
-305.662483339301,353.109709395021,0.733882537602627,2,3,5
-304.979707812869,352.437600609232,0.705348341814722,2,3,5
-304.285352760788,351.76087639976,0.673489907840701,2,3,5
-303.590849635042,351.074997151129,0.650247220004016,2,3,5
-302.886210254245,350.376371527258,0.627375809608149,2,3,5
-302.180111513525,349.671002736569,0.614176936904234,2,3,5
-301.469952098617,348.95804837785,0.603082549846534,2,3,5
-300.753144073033,348.234529826458,0.590274628170413,2,3,5
-300.03278830543,347.500486809,0.577170717728174,2,3,5
-299.310656004135,346.762527262611,0.569510643367649,2,3,5
-298.586277428348,346.014089386139,0.563874298912023,2,3,5
-297.864809140822,345.2649217125,0.567357893061058,2,3,5
-297.137894564244,344.504918225944,0.570440015558935,2,3,5
-296.415681209274,343.745085769194,0.576302616802699,2,3,5
-295.693800408762,342.978077012457,0.577666938662895,2,3,5
-294.976154333797,342.204424133456,0.581124358199607,2,3,5
-294.259856684837,341.421077296881,0.58463052152767,2,3,5
-293.549573911226,340.634419395579,0.585758053427297,2,3,5
-292.844714664602,339.842864822951,0.585537568989806,2,3,5
-292.138395951046,339.043090705833,0.584676335971642,2,3,5
-291.437618978922,338.234939932733,0.583636629391274,2,3,5
-290.749386225089,337.417495850357,0.579401190087674,2,3,5
-290.07668988341,336.593626266893,0.580892418677161,2,3,5
-289.410480996834,335.752858294623,0.58658978373184,2,3,5
-288.773204043182,334.907316761367,0.602971756710817,2,3,5
-288.144110272142,334.04420500855,0.613008717030819,2,3,5
-287.526184641419,333.167217639136,0.621331319009285,2,3,5
-286.926697653251,332.283539769488,0.636582435756784,2,3,5
-286.336565465252,331.38924739681,0.654198240969088,2,3,5
-285.763267974758,330.488490638533,0.674884160093926,2,3,5
-285.201380415825,329.585226283101,0.691807070668152,2,3,5
-284.64126120165,328.667814990834,0.705595060235298,2,3,5
-284.094683205449,327.742962465188,0.724782296972375,2,3,5
-283.556858190522,326.808123728287,0.748161140977075,2,5,3
-283.024089732829,325.861107654572,0.765643912090695,2,5,3
-282.503752674221,324.908309057075,0.786417996771035,2,5,3
-281.985974305397,323.943036735772,0.802241806910945,2,5,3
-281.476528084094,322.970619869483,0.813083609778245,2,5,3
-280.97105396288,321.984168122716,0.82670503253677,2,5,3
-280.472012182888,320.991246967777,0.840293852703919,2,5,3
-279.977902817361,319.991510326081,0.851594611712574,2,5,3
-279.489930008327,318.985075257288,0.86710748968612,2,5,3
-279.002374389879,317.975701185119,0.886096814916666,2,5,3
-278.511422009197,316.964128550172,0.894475319005307,2,5,3
-278.018406465684,315.94559459879,0.905787488833266,2,5,3
-277.524415287514,314.922378968261,0.918501462920724,2,5,3
-277.027646074067,313.894521275924,0.92960927742768,2,5,3
-276.531803565367,312.861034403687,0.938789379276325,2,5,3
-276.03032212083,311.815433595217,0.948917163545244,2,5,3
-275.532833077386,310.771124593763,0.957384084971769,2,5,3
-275.035279011024,309.719248497583,0.962011753327629,2,5,3
-274.540362144043,308.661012543977,0.97413147359513,2,5,3
-274.041594574537,307.593078208633,0.987563522049317,2,5,3
-273.539556576458,306.518208733931,0.994105125601713,2,5,3
-273.028132627188,305.439017272727,0.99043806989606,2,5,3
-272.508023548338,304.355982896791,0.980982368802968,2,5,3
-271.988106570705,303.274325415457,0.970104816086972,2,5,3
-271.461837620362,302.183375685212,0.961627411909597,2,5,3
-270.93651085978,301.085623632796,0.964511267194523,2,5,3
-270.41083666877,299.977485837889,0.968427911880623,2,5,3
-269.886268933884,298.867372792873,0.967632903297622,2,5,3
-269.357931143964,297.75101200995,0.96520479473085,2,5,3
-268.820028299372,296.627372706517,0.961047885919466,2,5,3
-268.272250653361,295.497439696859,0.948499578189026,2,5,3
-267.714153578063,294.372146687563,0.941272382244316,2,5,3
-267.147045837855,293.249127775011,0.935146260703978,2,5,3
-266.57013580824,292.127128952058,0.933057570543051,2,5,3
-265.978731226299,291.003951592693,0.930626230362592,2,5,3
-265.372508618,289.884180915275,0.927039000325022,2,5,3
-264.74907306921,288.765559714874,0.913813731507832,2,5,3
-264.111331251184,287.648508379772,0.90299914448619,2,5,3
-263.467257485473,286.538957628402,0.899858597081191,2,5,3
-262.821117717051,285.423843204203,0.905356675256324,2,5,3
-262.159685273643,284.306235967991,0.904067123416942,2,5,3
-261.491066277408,283.184869131392,0.895572337830106,2,5,3
-260.809692048622,282.073520390953,0.88006954774852,2,5,3
-260.118797080002,280.966327508436,0.86473187591921,2,5,3
-259.430453850661,279.869760561175,0.855922006817566,2,5,3
-258.738028697962,278.769574220452,0.847205590213891,2,5,3
-258.054058891478,277.659916646112,0.849495169602765,2,5,3
-257.360693398094,276.54805726883,0.842741047738553,2,5,3
-256.663764082878,275.426944023671,0.822252278689064,2,5,3
-255.956619245311,274.309555567757,0.806172055921171,2,5,3
-255.244895784299,273.18772643958,0.789092473209834,2,5,3
-254.524562093944,272.068525219653,0.776144107546047,2,5,3
-253.811038974088,270.947942438695,0.768148711794185,2,5,3
-253.095831861507,269.823697763768,0.757056495263466,2,5,3
-252.37778655186,268.685786944238,0.737194266496646,2,5,3
-251.657756707003,267.544764876246,0.717283447972743,2,5,3
-250.927535189155,266.401643984996,0.694590592829422,2,5,3
-250.189611057304,265.257958834278,0.664541226791844,2,5,3
-249.445590407539,264.11342743278,0.633577081305577,2,5,3
-248.700655970352,262.972036642709,0.605229252258702,2,5,3
-247.956749022646,261.825718257384,0.580865524917698,2,5,3
-247.214764720385,260.675707821949,0.562293484612048,2,5,3
-246.473672090431,259.52785998468,0.547105425629959,2,5,3
-245.728816442908,258.372025525364,0.528021636389787,2,5,3
-244.983456750754,257.217213814513,0.510407912920099,2,5,3
-244.237737431553,256.055657661174,0.502069987824648,2,5,3
-243.491415607969,254.895164875303,0.497608849207848,2,5,3
-242.745908654542,253.731786568511,0.493783574930213,2,5,3
-241.991458529076,252.555710169741,0.481096641466658,2,5,3
-241.232287496953,251.384150790993,0.470746905090225,2,5,3
-240.466535399489,250.209208317145,0.463345599624415,2,5,3
-239.697902303325,249.029884115614,0.452043417932305,2,5,3
-238.921805474314,247.842534466241,0.435656361640309,2,5,3
-238.144437359417,246.649144209722,0.417320023164308,2,5,3
-237.356090042699,245.449790207414,0.386811802934786,2,5,1
-236.571650451922,244.24952992947,0.360655201616412,2,5,1
-235.78030462297,243.048386130104,0.319928980190764,2,5,1
-234.984683291945,241.842546610115,0.280748933842226,2,5,1
-234.184555057453,240.638652271599,0.245516116895232,2,5,1
-233.386531619185,239.434897266869,0.217823675691564,2,5,1
-232.584751100009,238.222067430604,0.186934192056352,2,5,1
-231.780679043517,237.006504405078,0.148942826157835,2,5,1
-230.974433971849,235.786663335592,0.118768072166653,2,5,1
-230.1557108099,234.561787006167,0.0843746957658871,2,5,1
-229.33175038966,233.344728624957,0.0524934834433317,2,5,1
-228.498113507874,232.12235337669,0.0166527058707988,2,5,1
-227.676834023829,230.909560639907,-0.0122096481648075,2,5,1
-226.848696576079,229.688106357489,-0.0425868762574648,2,5,1
-226.02085112373,228.469046803662,-0.0675254048109046,2,5,1
-225.186308191235,227.249452136105,-0.0925535230626284,2,5,1
-224.349766108609,226.030436256208,-0.112388491600107,2,5,1
-223.514882457328,224.819499970395,-0.133978798124618,2,5,1
-222.674722575217,223.603276426853,-0.159083924130384,2,5,1
-221.839347167561,222.390404123351,-0.182621128311335,2,5,1
-220.999894804732,221.172684993832,-0.207661148552194,2,5,1
-220.161735845743,219.955930032898,-0.235186829523801,2,5,1
-219.324753940851,218.743895741004,-0.2618907847182,2,5,1
-218.484626703724,217.521856888672,-0.281992859532392,2,5,1
-217.653582290866,216.305075008484,-0.289757742349371,2,5,1
-216.826708571521,215.093539927945,-0.301907561901411,2,5,1
-216.00005424746,213.878216902116,-0.313380714589007,2,5,1
-215.17709226471,212.663955792396,-0.328174853668276,2,5,1
-214.351345139141,211.44622289478,-0.346324394779244,2,5,1
-213.530701652022,210.227140864508,-0.368832789085011,2,5,1
-212.718845335284,209.011616764538,-0.384700610474721,2,5,1
-211.908915373731,207.792046339837,-0.392097303756274,2,5,1
-211.103605961488,206.567495424399,-0.405513750679182,2,5,1
-210.300616359461,205.338952144236,-0.419125509062523,2,5,1
-209.496122650506,204.109497710608,-0.444651481548657,5,2,4
-208.698933217372,202.878949591158,-0.471936698164286,5,2,4
-207.902455303896,201.646332681027,-0.497583789869553,5,2,4
-207.1141847305,200.412142012683,-0.52408336969446,5,2,4
-206.331815435868,199.17847033808,-0.545348823727036,5,2,4
-205.555733265221,197.946755166852,-0.571020363686739,5,2,4
-204.783196712479,196.706642905678,-0.591626985774774,5,2,4
-204.019661505454,195.466614554848,-0.609957463967852,5,2,4
-203.266147744632,194.221771797288,-0.632021652164957,5,2,4
-202.525377449067,192.968750152754,-0.650650769002175,5,2,4
-201.788240804415,191.710525995806,-0.658732795235382,5,2,4
-201.058321518852,190.448496790184,-0.669188782482578,5,2,4
-200.337518521685,189.183437486504,-0.678193624239931,5,2,4
-199.619453641259,187.910116459025,-0.691537718253416,5,2,4
-198.921868039779,186.641678382151,-0.700212637949399,5,2,4
-198.227197115698,185.369907433673,-0.711634888229017,5,2,4
-197.532566895943,184.089702813737,-0.724962373149533,5,2,4
-196.842853884384,182.805903553364,-0.739382755587591,5,2,4
-196.157347747407,181.520610131607,-0.754679431546851,5,2,4
-195.485793033624,180.246221639313,-0.76216417181996,5,2,4
-194.817154248143,178.96876039184,-0.76887917309757,5,2,4
-194.155939254265,177.687440328167,-0.769466106684167,5,2,4
-193.498260908708,176.398957046508,-0.768868761495515,5,2,4
-192.8548001342,175.107051721004,-0.767838985812122,5,2,4
-192.212159353581,173.810924250305,-0.768306827649381,5,2,4
-191.580320843543,172.515255034112,-0.762676513444418,5,2,4
-190.945184398334,171.218376578137,-0.762465225308344,5,2,4
-190.320236943704,169.924885448554,-0.754301154452406,5,2,4
-189.692519129076,168.624803718832,-0.750569374733701,5,2,4
-189.060903449152,167.322944681176,-0.75606108922991,5,2,4
-188.43220730942,166.016862566231,-0.76371984553199,5,2,4
-187.810624900176,164.708578135723,-0.767721994471232,5,2,4
-187.198370659916,163.395768533464,-0.764177702958864,5,2,4
-186.585645927565,162.075583624066,-0.770691590140421,5,2,4
-185.974100981852,160.758265481888,-0.785378397845414,5,2,4
-185.359259650564,159.440346239477,-0.799158697066226,5,2,4
-184.745319652309,158.12258075581,-0.810056778080383,5,2,4
-184.128481942,156.804067515228,-0.822895516211673,5,2,4
-183.516443500579,155.486127055447,-0.832883691032018,5,2,4
-182.903693285771,154.170588650038,-0.84256539952216,5,2,4
-182.293768030114,152.850404678739,-0.849844204408129,5,2,4
-181.687121146288,151.534761077786,-0.855761468194185,5,2,4
-181.07521687493,150.210139807928,-0.864603435158917,5,2,4
-180.472282183192,148.892007977022,-0.870895621564309,5,2,4
-179.87174689094,147.57455297555,-0.873398350490121,5,2,4
-179.280412608502,146.257740713493,-0.870244115523525,5,2,4
-178.685698563755,144.936237050281,-0.871408208823485,5,2,4
-178.097288507013,143.61442011616,-0.869337508614228,5,2,4
-177.505886259657,142.291322326942,-0.865257721284225,5,2,4
-176.908419328872,140.960181152344,-0.867722609938371,5,2,4
-176.310933374305,139.632838914417,-0.870279395893616,5,2,4
-175.707163379441,138.302829129037,-0.869071044998192,5,2,4
-175.107736778807,136.984932123368,-0.862643627426997,5,2,4
-174.507586830306,135.673888527359,-0.84123063251475,5,2,4
-173.903314870813,134.366655557591,-0.82387869115726,5,2,4
-173.289933530211,133.060143585738,-0.814346384552094,5,4,2
-172.667418524776,131.761524790136,-0.796756897532851,5,4,2
-172.034550842009,130.472211715367,-0.78759698956371,5,4,2
-171.393834337046,129.193114116039,-0.775327116602904,5,4,2
-170.738385511883,127.918628699131,-0.775637450646349,5,4,2
-170.07538549296,126.655203774171,-0.770297073926623,5,4,2
-169.395176444305,125.392012684435,-0.775503229603408,5,4,2
-168.700989608175,124.142764584535,-0.79179325133221,5,4,2
-167.992540349597,122.905714790006,-0.80997381002657,5,4,2
-167.268856966744,121.674246441258,-0.836541199825503,5,4,2
-166.528629217029,120.451479380594,-0.864123801233597,5,4,2
-165.773251951211,119.238416967875,-0.892942678464905,5,4,2
-165.006412844778,118.0384901061,-0.916445140978408,5,4,2
-164.221741798003,116.844302533422,-0.944188364234495,5,4,2
-163.423356352276,115.652150901294,-0.977539917567351,5,4,2
-162.61420185398,114.473512601078,-1.01293742833656,5,4,2
-161.789000798172,113.302839638519,-1.05744908029757,5,4,2
-160.952536874284,112.145729231416,-1.0951254172218,5,4,2
-160.105215358972,111.000850972648,-1.12785314696801,5,4,2
-159.253754118178,109.865090776734,-1.15254041610276,5,4,2
-158.393250292441,108.738232788533,-1.17453278348655,5,4,2
-157.522800956014,107.620420738445,-1.19686177003502,5,4,2
-156.649482016627,106.496831214777,-1.2169779037548,5,4,2
-155.767599788716,105.385107186191,-1.24257155712037,5,4,2
-154.881901023374,104.277454970986,-1.26288055566467,5,4,2
-153.989422189148,103.166558565628,-1.27790622778675,4,5,1
-153.081389880925,102.06491888823,-1.30270651327928,4,5,1
-152.164752228776,100.964212750004,-1.32830116013276,4,5,1
-151.24319614327,99.8668984973369,-1.35588949605724,4,5,1
-150.3200297595,98.7731543912956,-1.37307717048262,4,5,1
-149.393732523799,97.6855516858952,-1.39049388819048,4,5,1
-148.4568225207,96.6005437599111,-1.40747436240407,4,5,1
-147.51180803071,95.5159281974189,-1.42780171642018,4,5,1
-146.555711680304,94.4476332350642,-1.44851287169746,4,5,1
-145.593680356828,93.3858647105345,-1.47243904910675,4,5,1
-144.622635944155,92.3269855969234,-1.4943724925027,4,5,1
-143.650835613735,91.280527843691,-1.50792296796265,4,5,1
-142.668343165274,90.2320473903156,-1.52433662231173,4,5,1
-141.678722564215,89.1890337192913,-1.5418293640679,4,5,1
-140.689909437034,88.1438890355209,-1.56369665783428,4,5,1
-139.694916398686,87.0941474014112,-1.58938803077818,4,5,1
-138.700613191889,86.0455659991932,-1.62113364922297,4,5,1
-137.706913556485,84.9970718787378,-1.64736093832169,4,5,1
-136.71154941209,83.9415032635707,-1.673298369459,4,5,1
-135.712396824435,82.882074648151,-1.70980068278189,4,5,1
-134.716786709497,81.8140628977241,-1.74685891931296,4,5,1
-133.719044230705,80.7529169101157,-1.78126239024474,4,5,1
-132.716414357815,79.689746653587,-1.81212373881696,4,5,1
-131.716874898594,78.6291478106809,-1.83856164368306,4,5,1
-130.706943849417,77.5671767219485,-1.86266062103479,4,5,1
-129.700534703028,76.5004254643773,-1.8895130943942,4,5,1
-128.696006591216,75.4376435133255,-1.91523731201004,4,5,1
-127.693964030597,74.3774245470152,-1.94329494241581,4,5,1
-126.687218856837,73.3180061658754,-1.96936305154337,4,5,1
-125.678814471089,72.2504646641382,-1.99505267980248,4,5,1
-124.668597750628,71.1852703538638,-2.02156876637979,4,5,1
-123.65549665815,70.1166356516803,-2.05015874063447,4,5,1
-122.642289262992,69.0491355207999,-2.07963145741985,4,5,1
-121.629254884204,67.9869342720129,-2.10985491364811,4,5,1
-120.611545709481,66.9201787199517,-2.1365770696321,4,5,1
-119.59071842781,65.8572527516063,-2.16186044132758,4,5,1
-118.56408677078,64.7949270728988,-2.18894561965507,4,5,1
-117.534447653275,63.7339162746062,-2.21721851030253,4,5,1
-116.505998026594,62.6749093759483,-2.24621549926369,4,5,1
-115.471961072242,61.6135815495005,-2.27360903386567,4,5,1
-114.428834415039,60.5495106436631,-2.30552155781622,4,5,1
-113.379491253991,59.4882074977611,-2.34103991468484,4,5,1
-112.322843501986,58.4275362275966,-2.37841366638767,4,5,1
-111.2587168336,57.3618342681827,-2.4212024897433,4,5,1
-110.201176560303,56.3006099222712,-2.45204926913887,4,5,1
-109.148322266189,55.2414616543406,-2.48803025976596,4,5,1
-108.098400714613,54.1769128530914,-2.51606870945687,4,5,1
-107.044422163801,53.1036978551588,-2.54437256206808,4,5,1
-105.98238001158,52.0230698010601,-2.57335272291217,4,5,1
-104.91493627922,50.9604647967059,-2.61830464576411,4,5,1
-103.859939947869,49.909420029212,-2.656456013472,4,5,1
-102.812035827472,48.8607213046959,-2.68932622087594,4,5,1
-101.762101314627,47.7994419961882,-2.71273683783841,4,5,1
-100.707698309036,46.7312275360707,-2.74034574013788,4,5,1
-99.6544928674936,45.6708970254519,-2.77224571410834,4,5,1
-98.5992598278681,44.6134973867559,-2.80821205296251,4,5,1
-97.5474800968331,43.5578756491256,-2.84123054040544,4,5,1
-96.4857949861302,42.4972367584473,-2.87464804643531,4,5,1
-95.4186876369973,41.4322828306813,-2.91317311944172,4,5,1
-94.3521424688919,40.3659846487663,-2.95795450250955,4,5,1
-93.2942073539819,39.3026630441945,-2.99611727155573,4,5,7
-92.2401895214261,38.2382533442914,-3.03179259419962,4,5,7
-91.1964559844789,37.1763303907693,-3.05839764746322,4,5,7
-90.1517464603753,36.1141062884839,-3.0953204397601,4,5,7
-89.1077152172831,35.049772045503,-3.13535807396347,4,5,7
-88.0602123316829,33.9849107036996,-3.1812303366924,4,5,7
-87.0134999908622,32.9215578905046,-3.22977626523515,4,5,7
-85.9700768287125,31.8640868003732,-3.28041007747577,4,5,7
-84.9201889940312,30.8029555225592,-3.33498280602377,4,5,7
-83.8789328475618,29.7429921363659,-3.37933651113267,4,5,7
-82.8385947806487,28.6817759475701,-3.4211840358396,4,5,7
-81.7994505028663,27.6183047961461,-3.45955229466914,4,5,7
-80.7601969447961,26.5563533863021,-3.50025978667036,4,5,7
-79.7246533863637,25.490830130495,-3.53803020491506,4,5,7
-78.6843797859996,24.4286907995113,-3.58007202948181,4,5,7
-77.6539910864396,23.3603388509656,-3.61690728532321,4,5,7
-76.6246112139303,22.2980511078324,-3.65501896558819,4,7,5
-75.5981546359346,21.2277542857887,-3.68858903481109,4,7,5
-74.56682060152,20.1548535103319,-3.72269458122362,4,7,5
-73.5339199807443,19.0888334015603,-3.75987911611705,4,7,5
-72.503787085344,18.0254698629048,-3.7957576111587,4,7,5
-71.4511945281869,16.9621706165886,-3.84412966969126,4,7,5
-70.4146142134411,15.8882644457709,-3.87993293495013,4,7,5
-69.3697438203124,14.8132578754484,-3.92327520344429,4,7,5
-68.3329702193651,13.7434779089803,-3.96279537483195,4,7,5
-67.273582949375,12.6710262198566,-4.01157780064571,4,7,5
-66.2269950680837,11.6043376068027,-4.0493442493982,4,7,5
-65.1696168773345,10.5312165016349,-4.09024337254726,4,7,5
-64.1285685577645,9.45887605564364,-4.12623255501569,4,7,5
-63.0854534662103,8.38754405219255,-4.16458598837631,4,7,5
-62.0533038876315,7.31342612293845,-4.20090954515947,4,7,5
-61.0223085857198,6.2431641403199,-4.23239900358915,4,7,5
-59.9932358158735,5.17056875946425,-4.26269665640406,4,7,5
-58.9596470682836,4.09010429643355,-4.30015204254751,4,7,5
-57.9252721683591,3.00615626432346,-4.34247212809394,4,7,5
-56.8949772188034,1.92931093985231,-4.3774220787583,4,7,5
-55.8644011978205,0.852607672334054,-4.41286734879556,4,7,5
-54.8426563027175,-0.2227826354258,-4.43787416900321,4,7,5
-53.8272456727682,-1.29833753170701,-4.45824054958084,4,7,5
-52.8118106229474,-2.3704091938796,-4.47451982038307,4,7,5
-51.7965779341581,-3.44479965192663,-4.48971245054622,4,7,5
-50.7908208888131,-4.51142254545632,-4.49899496656586,4,7,5
-49.7877753415893,-5.57966322608461,-4.50359889653631,4,7,5
-48.7882049238249,-6.64993522124586,-4.50137435043442,4,7,5
-47.7861650928384,-7.72556377052876,-4.49378393713516,4,7,5
-46.7752540243722,-8.81275550580546,-4.49837110073258,4,7,5
-45.7641953097586,-9.8783865286262,-4.51683251189742,4,7,5
-44.7600524478111,-10.9374572552928,-4.5373627146314,4,7,5
-43.7718419401051,-11.9771235894414,-4.54550177283749,4,7,5
-42.7879997449061,-13.0054750824885,-4.54712996062566,4,7,5
-41.8117852971521,-14.0298400223041,-4.53834960569638,4,7,5
-40.8460997435446,-15.0482129197359,-4.5314176129243,4,7,5
-39.9026406999917,-16.0594503189331,-4.52195635518869,4,7,5
-38.9871204703962,-17.0676752560683,-4.50767971826017,4,7,5
-38.0880269824292,-18.0726983907685,-4.48994077372306,4,7,5
-37.2032375289142,-19.0689325727292,-4.4753625755651,4,7,5
-36.3312420783585,-20.0549535991944,-4.46795407324676,4,7,5
-35.471767299975,-21.0178717179757,-4.45254606726571,4,7,5
-34.6269947813499,-21.9745609710413,-4.43278523133971,4,7,5
-33.7936781490598,-22.9328795099211,-4.41632236931806,4,7,5
-33.004569948925,-23.8768808893677,-4.40080948745368,4,7,5
-32.2262856202607,-24.8069377424728,-4.38071906726073,4,7,5
-31.4524346082847,-25.7298465186616,-4.36210580579371,4,7,5
-30.6882647101675,-26.6305284955056,-4.34086604386352,4,7,5
-29.9440658787988,-27.5023752147871,-4.31313868670402,4,7,5
-29.2366950643913,-28.3498200341549,-4.28635786477646,4,7,5
-28.5524927004227,-29.1827532773038,-4.25879263829022,4,7,5
-27.8901284788538,-29.9991953435616,-4.2172140407372,4,7,5
-27.23704722053,-30.7867468589072,-4.17976050936639,4,7,5
-26.6057977257313,-31.5382740495197,-4.14058407717227,4,7,5
-25.9888081491166,-32.255435662115,-4.09972057228146,4,7,5
-25.3833683538724,-32.9325174317002,-4.07315921300809,4,7,5
-24.7822751722948,-33.5802811539608,-4.05645390384942,4,7,5
-24.1915753123417,-34.1866864770375,-4.04034183911102,4,7,5
-23.6071751288889,-34.7565712399368,-4.02169630130015,4,7,5
-23.0287210490278,-35.2934770204254,-4.00222981490445,4,7,5
-22.4559632786815,-35.793660692183,-3.9834773871326,4,7,5
-21.8769060900371,-36.2453628783644,-3.97495261992142,4,7,5
-21.298785504867,-36.6533748570542,-3.96006886850844,4,7,5
-20.7316489551153,-37.0214846509863,-3.94103216970403,4,7,5
-20.1738966036747,-37.3511748626547,-3.91399961230537,4,7,5
-19.6254066565902,-37.6410609717438,-3.88570975430978,4,7,5
-19.0757001969043,-37.8860658456322,-3.86092032193254,4,7,5
-18.5188405580477,-38.1051166500413,-3.84106440198478,4,7,5
-17.9607873693168,-38.2890247395029,-3.81868368194232,4,7,5
-17.4011094449078,-38.4470297942907,-3.79003450059706,4,7,5
-16.8440162476933,-38.5662810816221,-3.76403737774218,4,7,5
-16.284894348302,-38.649019300891,-3.7469730041455,4,7,5
-15.7391502168907,-38.6878565664658,-3.7207107862724,4,7,5
-15.1971219857154,-38.688650796573,-3.70039569035406,4,7,5
-14.6630720966946,-38.6670357293305,-3.69379050966828,4,7,5
-14.1393505845485,-38.6196265813935,-3.69138117789483,4,7,5
-13.6392823863724,-38.5385434417152,-3.67372798446043,4,7,5
-13.1418430904793,-38.435665288684,-3.67314728362551,4,7,5
-12.6528148620357,-38.2952044655002,-3.67463627593334,4,7,5
-12.1752894645987,-38.1338716875575,-3.66669179361694,4,7,5
-11.7024868400846,-37.946992401415,-3.67228171133849,4,7,5
-11.2409843810827,-37.7411432487519,-3.67141096642879,4,7,5
-10.7895380482102,-37.5100967777187,-3.67504674744982,4,7,5
-10.3452567336689,-37.2397737128222,-3.68017327709635,4,7,5
-9.91521023356935,-36.9472262092971,-3.68180305033216,4,7,5
-9.49307471201314,-36.625365129708,-3.68873941156828,4,7,5
-9.08209573561393,-36.2788540315256,-3.69097330747666,4,7,5
-8.68623567760623,-35.904853118954,-3.70024249780248,4,7,5
-8.29874844776342,-35.5099653827034,-3.71234325825407,4,7,5
-7.92595586540779,-35.0940315771,-3.73619865491414,4,7,5
-7.57339022242381,-34.6531775739513,-3.75448687468651,4,7,5
-7.23944374927217,-34.1816888750183,-3.76477015240042,4,7,5
-6.92698433401518,-33.688835784259,-3.7689912438847,4,7,5
-6.63168308633188,-33.1741145839398,-3.77035345422227,4,7,5
-6.35307569309481,-32.6329332589506,-3.77215841287753,4,7,5
-6.0951040328596,-32.0762237216868,-3.77264363627194,4,7,5
-5.85524698108022,-31.4955888711138,-3.77483139906076,4,7,5
-5.63346551260282,-30.9016384228666,-3.77039821775144,4,7,5
-5.43161242789263,-30.2791877679827,-3.75858656018967,4,7,5
-5.2455904350853,-29.6458123908606,-3.74069676018971,4,7,5
-5.07532572773476,-28.9955218203372,-3.70970907826434,4,7,5
-4.90994269061719,-28.3356270009802,-3.68350428272977,4,7,5
-4.75620677711941,-27.6592577614014,-3.64186810680047,4,7,5
-4.62223610612506,-26.9670606770229,-3.59751055277828,4,7,5
-4.49373172654369,-26.2622358505754,-3.55558856536385,4,7,5
-4.36874221305408,-25.5448884276075,-3.51875848880168,4,7,5
-4.24356175530228,-24.8213264824388,-3.48459284016765,4,7,5
-4.12297044793461,-24.0828547472803,-3.45250712886357,4,7,5
-3.9997434900488,-23.3363738245293,-3.42269888356529,4,7,5
-3.87614463027651,-22.579158818248,-3.38093202021841,4,7,5
-3.74582430860927,-21.8193638148814,-3.34951644499075,4,7,5
-3.62169229165316,-21.0462988714728,-3.31886862479715,4,7,5
-3.50361064655209,-20.2617068946761,-3.2926152278004,4,7,5
-3.38773061422526,-19.4662294852064,-3.25683579906588,4,7,5
-3.26186338740115,-18.6620873381751,-3.22496057216161,4,7,5
-3.13733217532601,-17.8492185720257,-3.19785397028349,4,7,5
-3.01775139340307,-17.0270600975097,-3.1711292825545,4,7,5
-2.89475301795594,-16.1913068957173,-3.1467659891515,4,7,5
-2.77276039064189,-15.3464084847541,-3.12189148883543,4,7,5
-2.64938294519641,-14.4966385006074,-3.10183402644747,4,7,5
-2.53284722300359,-13.6405202145476,-3.06754430511607,4,7,5
-2.41655193396287,-12.7907626080203,-3.03506234415355,4,7,5
-2.3104811567229,-11.9465728274981,-2.99485667860668,4,7,5
-2.20151083921373,-11.1121157039347,-2.96440632456243,4,7,5
-2.093451279847,-10.2810258914496,-2.93403404152855,4,7,5
-1.98500842556621,-9.4594520405008,-2.91025091797075,4,7,5
-1.87803175144644,-8.64512388629479,-2.8864609549014,4,7,5
-1.76629136365371,-7.84199472819576,-2.87376025731532,4,7,5
-1.6572985521003,-7.04943752775022,-2.86328604434828,4,7,5
-1.54208359337172,-6.26746587736948,-2.85859386826242,4,7,5
-1.41304920755586,-5.49956818394676,-2.85622077421996,4,7,5
-1.26977693817545,-4.74341832065209,-2.86285020765411,4,7,5
-1.13586898913214,-3.98944877870081,-2.86337949140348,4,7,5
-1.00175139271021,-3.23846485041294,-2.86245042573815,4,7,5
-0.867299157849366,-2.49787789264586,-2.85886614999987,4,7,5
-0.728147498952918,-1.77288379920127,-2.85041579060836,4,7,5
-0.584604447074972,-1.05962171489093,-2.85286680200714,4,7,5
-0.436134058264128,-0.349703380840648,-2.85956716360679,4,7,5
-0.296003536858781,0.358946157105691,-2.8642948948651,4,7,5
-0.155332016479548,1.05924845672659,-2.86315182922005,4,7,5
-0.00399310480886117,1.75277836084786,-2.86318142372987,4,7,5
0.15654698651155,2.43412739726064,-2.87803821964369,4,7,5
0.331245152623076,3.11149647751648,-2.90083513498009,4,7,5
0.510337721452781,3.79451190641176,-2.9132431775531,4,7,5
0.701819384000418,4.48112617681149,-2.92148016728754,4,7,5
0.895286384522927,5.17255862619111,-2.92594964461904,4,7,5
1.1069094161021,5.86298555170703,-2.92740689625675,4,7,5
1.32256142936135,6.54986291416695,-2.93389067019724,4,7,5
1.54991628927066,7.23437357888538,-2.94797364235005,4,7,5
1.77617269275626,7.91784827071858,-2.95616075821057,4,7,5
2.00521431751604,8.60377677710366,-2.9546075878897,4,7,5
2.23995253907486,9.29690824154522,-2.9538559382673,4,7,5
